,Activity ID,Activity Date,Activity Name,Activity Type,Activity Description,Elapsed Time,Distance,Max Heart Rate,Relative Effort,Commute,Activity Private Note,Activity Gear,Filename,Athlete Weight,Bike Weight,Elapsed Time.1,Moving Time,Distance.1,Max Speed,Average Speed,Elevation Gain,Elevation Loss,Elevation Low,Elevation High,Max Grade,Average Grade,Average Positive Grade,Average Negative Grade,Max Cadence,Average Cadence,Max Heart Rate.1,Average Heart Rate,Max Watts,Average Watts,Calories,Max Temperature,Average Temperature,Relative Effort.1,Commute.1,Total Weight Lifted,From Upload,Grade Adjusted Distance,data_ano,data_mes,dia_semana,tempo_min
438,6468927028,"Jan 3, 2022, 10:52:20 PM",Treino academia,Weight Training,,3472,0.0,171.0,15.0,False,,,activities/6878040429.gpx.gz,,,3472.0,3472.0,0.0,0.0,0.0,0.0,,,,0.0,0.0,,,83.0,23.938337326049805,,117.70536041259766,,,,,,15.0,0.0,,1.0,,2022,1,Segunda,57.86666666666667
439,6474039207,"Jan 4, 2022, 10:25:41 PM",Caminhada na UFPE,Walk,,3959,5.66,149.0,27.0,False,,ASICS Asics Gel Pulse 11 Masculino Pulse 11,activities/6883522336.gpx.gz,,,3959.0,3685.0,5664.4013671875,2.4654030799865723,1.5371509790420532,86.56999969482422,82.06999969482422,5.289999961853027,31.31999969482422,39.88275146484375,0.0796200707554817,,,79.0,53.39240264892578,,134.36825561523438,,,521.9801025390625,,,27.0,0.0,,1.0,,2022,1,Terca,65.98333333333333
440,6484061797,"Jan 6, 2022, 10:33:26 PM",Caminhada de aquecimento,Walk,,635,1.04,157.0,6.0,False,,ASICS Asics Gel Pulse 11 Masculino Pulse 11,activities/6894218594.gpx.gz,,,635.0,635.0,1042.08544921875,1.9233671426773071,1.6410795450210571,20.51000213623047,41.310001373291016,10.079999923706056,48.900001525878906,35.348262786865234,-1.9988763332366943,,,67.0,59.06624603271485,,132.55836486816406,,,96.02963256835938,,,6.0,0.0,,1.0,,2022,1,Quinta,10.583333333333334
441,6484110213,"Jan 6, 2022, 10:44:29 PM",Corrida na UFPE,Run,,914,2.09,183.0,24.0,False,,ASICS Asics Gel Pulse 11 Masculino Pulse 11,activities/6894269304.gpx.gz,,,914.0,811.0,2097.215087890625,2.85284423828125,2.5859618186950684,36.44000244140625,32.13999938964844,12.65999984741211,33.20000076293945,33.81089782714844,0.2078947722911834,,,94.0,89.69136047363281,,156.58148193359375,,,208.76809692382807,,,24.0,0.0,,1.0,2265.5,2022,1,Quinta,15.233333333333333
442,6484110635,"Jan 6, 2022, 11:02:01 PM",Corrida na UFPE,Run,,1975,4.49,188.0,86.0,False,,ASICS Asics Gel Pulse 11 Masculino Pulse 11,activities/6894269812.gpx.gz,,,1975.0,1647.0,4493.548828125,3.1298539638519287,2.728323459625244,68.5300064086914,70.33000183105469,24.559999465942383,42.650001525878906,31.733766555786133,-0.0405025035142898,,,93.0,88.76806640625,,172.03521728515625,,,442.4077453613281,,,86.0,0.0,,1.0,4800.89990234375,2022,1,Quinta,32.916666666666664
443,6484110825,"Jan 6, 2022, 11:36:54 PM",Caminhada de relaxamento,Walk,,1190,1.45,147.0,5.0,False,,ASICS Asics Gel Pulse 11 Masculino Pulse 11,activities/6894270050.gpx.gz,,,1190.0,1052.0,1451.59423828125,1.7288849353790283,1.3798424005508425,43.09000396728516,24.09000015258789,18.84000015258789,41.02000045776367,44.43523025512695,1.30821692943573,,,89.0,58.07611846923828,,124.6213150024414,,,133.76547241210938,,,5.0,0.0,,1.0,,2022,1,Quinta,19.833333333333332
444,6493674695,"Jan 8, 2022, 8:00:31 PM",Caminhada acompanhando Davi no patinete,Walk,,2431,3.01,136.0,8.0,False,,ASICS pulse gel 13 Asics Pulse Gel 13,activities/6904550635.gpx.gz,,,2431.0,2377.0,3013.440673828125,3.0468482971191406,1.267749547958374,34.54999923706055,48.650001525878906,24.40999984741211,59.09000015258789,44.28857421875,-0.4688991904258728,,,69.0,50.94633865356445,,116.79174041748048,,,277.6914978027344,,,8.0,0.0,,1.0,,2022,1,Sabado,40.516666666666666
445,6502043388,"Jan 10, 2022, 3:37:53 PM",Treino academia,Weight Training,,2385,0.0,139.0,7.0,False,,,activities/6913559405.gpx.gz,,,2385.0,2385.0,0.0,0.0,0.0,0.0,,,,0.0,0.0,,,73.0,37.2835807800293,,108.36477661132812,,,,,,7.0,0.0,,1.0,,2022,1,Segunda,39.75
446,6535430329,"Jan 11, 2022, 10:05:34 PM",Caminhada na UFPE,Walk,,3909,5.74,175.0,46.0,False,,ASICS Asics Gel Pulse 11 Masculino Pulse 11,activities/6949218938.gpx.gz,,,3909.0,3738.0,5742.6533203125,2.0491654872894287,1.536290407180786,56.720001220703125,64.5199966430664,2.619999885559082,28.729999542236328,30.84177589416504,-0.1366963982582092,,,68.0,57.289459228515625,,139.51364135742188,,,529.19091796875,,,46.0,0.0,,1.0,,2022,1,Terca,65.15
447,6535430638,"Jan 16, 2022, 7:19:41 PM",Caminhada acompanhando Davi no patinete,Walk,,2514,2.99,142.0,9.0,False,,ASICS Asics Gel Pulse 11 Masculino Pulse 11,activities/6949219224.gpx.gz,,,2514.0,2288.0,2994.254638671875,3.1718599796295166,1.3086776733398438,64.77000427246094,107.2699966430664,19.479999542236328,86.94999694824219,45.384185791015625,-1.4210548400878906,,,89.0,48.75417709350586,,123.20844268798828,,,275.9231262207031,,,9.0,0.0,,1.0,,2022,1,Domingo,41.9
448,6545851333,"Jan 18, 2022, 9:28:57 PM",Caminhada de aquecimento,Walk,,713,1.13,154.0,4.0,False,,ASICS Asics Gel Pulse 11 Masculino Pulse 11,activities/6960364385.gpx.gz,,,713.0,713.0,1131.25927734375,1.8663541078567505,1.5866189002990725,18.37999725341797,8.180000305175781,32.09000015258789,44.18999862670898,19.912582397460938,0.9007660150527954,,,66.0,53.25105285644531,,131.98597717285156,,,104.24674224853516,,,4.0,0.0,,1.0,,2022,1,Terca,11.883333333333333
449,6545851787,"Jan 18, 2022, 9:41:17 PM",Corrida na UFPE,Run,,2475,5.49,183.0,86.0,False,,ASICS pulse gel 13 Asics Pulse Gel 13,activities/6960364929.gpx.gz,,,2475.0,2110.0,5493.92919921875,2.7779979705810547,2.603757858276367,79.2699966430664,91.97000122070312,-1.9700000286102293,34.25,40.683013916015625,-0.2308002114295959,,,91.0,87.3875732421875,,164.9848175048828,,,541.626708984375,,,86.0,0.0,,1.0,5877.60009765625,2022,1,Terca,41.25
450,6565958665,"Jan 20, 2022, 10:01:58 PM",Caminhada de aquecimento,Walk,,723,1.17,144.0,3.0,False,,ASICS Asics Gel Pulse 11 Masculino Pulse 11,activities/6981876528.gpx.gz,,,723.0,723.0,1175.26220703125,1.8762544393539429,1.625535488128662,19.46000099182129,10.0600004196167,20.90999984741211,32.63999938964844,26.00529289245605,0.7972689867019653,,,68.0,60.48476409912109,,122.28254699707033,,,108.30138397216795,,,3.0,0.0,,1.0,,2022,1,Quinta,12.05
451,6565959119,"Jan 20, 2022, 10:14:49 PM",Corrida na UFPE,Run,,2008,4.47,188.0,64.0,False,,ASICS Asics Gel Pulse 11 Masculino Pulse 11,activities/6981877035.gpx.gz,,,2008.0,1686.0,4477.5517578125,2.746331214904785,2.65572452545166,74.00999450683594,82.80999755859375,4.800000190734863,34.97999954223633,30.91379737854004,-0.19698266685009,,,92.0,87.97625732421875,,161.33116149902344,,,444.2138977050781,,,64.0,0.0,,1.0,4820.5,2022,1,Quinta,33.46666666666667
452,6565959628,"Jan 22, 2022, 9:55:07 PM",Caminhada de aquecimento,Walk,,676,1.05,140.0,2.0,False,,ASICS Asics Gel Pulse 11 Masculino Pulse 11,activities/6981877615.gpx.gz,,,676.0,676.0,1052.3642578125,1.9616729021072388,1.5567518472671509,13.630000114440918,8.729999542236328,-15.829999923706056,-5.739999771118164,23.005327224731445,0.465618222951889,,,65.0,51.95414352416992,,117.10355377197266,,,96.9760284423828,,,2.0,0.0,,1.0,,2022,1,Sabado,11.266666666666667
453,6565959926,"Jan 22, 2022, 10:06:49 PM",Corrida na UFPE,Run,,2411,5.53,192.0,92.0,False,,ASICS pulse gel 13 Asics Pulse Gel 13,activities/6981877930.gpx.gz,,,2411.0,2017.0,5529.69970703125,2.948028087615967,2.741546630859375,110.16999816894533,110.56999969482422,19.520000457763672,40.15999984741211,31.907377243041992,-0.0066911219619214,,,91.0,87.89081573486328,,167.439208984375,,,553.44970703125,,,92.0,0.0,,1.0,6005.89990234375,2022,1,Sabado,40.18333333333333
454,6571693822,"Jan 23, 2022, 8:09:32 PM",Caminhada acompanhando Davi no patinete,Walk,,2744,4.1,184.0,23.0,False,,ASICS Asics Gel Pulse 11 Masculino Pulse 11,activities/6988055665.gpx.gz,,,2744.0,2744.0,4106.9677734375,3.50281310081482,1.4967083930969238,55.619998931884766,72.12000274658203,9.109999656677246,47.83000183105469,48.28425979614258,-0.4027302265167236,,,68.0,52.15812683105469,,128.87774658203125,,,378.4613952636719,,,23.0,0.0,,1.0,,2022,1,Domingo,45.733333333333334
455,6637401374,"Feb 5, 2022, 9:45:33 PM",Caminhada noturna na UFPE,Walk,,2948,4.81,,,False,,ASICS Asics Gel Pulse 11 Masculino Pulse 11,activities/6637401374.gpx,,,2948.0,2948.0,4814.0,5.739999771118164,1.6329715251922607,0.0,0.0,14.899999618530272,16.700000762939453,2.6315789222717285,0.0,,,,,,,,,443.6149291992188,,,,0.0,,1.0,4817.0,2022,2,Sabado,49.13333333333333
456,6641015381,"Feb 6, 2022, 2:21:07 PM",Caminhada de ReposiÃ§Ã£o de Vitamina D,Walk,,3113,4.06,132.0,10.0,False,,ASICS Asics Gel Pulse 11 Masculino Pulse 11,activities/7062192474.gpx.gz,,,3113.0,3083.0,4061.515869140625,2.780730962753296,1.3173907995224,168.47999572753906,175.3800048828125,16.360000610351562,61.77000045776367,48.015750885009766,-0.1701335161924362,,,64.0,58.88777160644531,,114.6039581298828,,,374.2731323242188,,,10.0,0.0,,1.0,,2022,2,Domingo,51.88333333333333
457,6657755142,"Feb 9, 2022, 7:09:11 PM",Caminhada na UFPE,Walk,,2971,4.8,,,False,,ASICS Asics Gel Pulse 11 Masculino Pulse 11,activities/6657755142.gpx,,,2971.0,2971.0,4806.7998046875,4.199999809265137,1.6179063320159912,0.0,0.0,14.899999618530272,16.600000381469727,5.714285850524902,0.0,,,,,,,,,442.951416015625,,,,0.0,,1.0,4812.10009765625,2022,2,Quarta,49.516666666666666
458,6668475559,"Feb 11, 2022, 10:38:31 PM",Caminhada de aquecimento,Walk,,819,1.22,168.0,8.0,False,,ASICS Asics Gel Pulse 11 Masculino Pulse 11,activities/7091608334.gpx.gz,,,819.0,819.0,1227.771240234375,1.9726938009262085,1.4991101026535034,108.77999877929688,7.579999923706055,-83.4000015258789,17.920000076293945,33.33656692504883,8.24502182006836,,,62.0,55.64712905883789,,132.65444946289062,,,113.1402359008789,,,8.0,0.0,,1.0,,2022,2,Sexta,13.65
459,6668475769,"Feb 11, 2022, 10:52:31 PM",Corrida na UFPE,Run,,2042,4.37,185.0,53.0,False,,ASICS pulse gel 13 Asics Pulse Gel 13,activities/7091608522.gpx.gz,,,2042.0,1769.0,4378.71240234375,2.722229480743408,2.475247383117676,54.81999969482422,64.5199966430664,24.479999542236328,54.93999862670898,41.415321350097656,-0.2201559692621231,,,91.0,87.25452423095703,,154.9490966796875,,,428.4100036621094,,,53.0,0.0,,1.0,4649.0,2022,2,Sexta,34.03333333333333
460,6689318511,"Feb 15, 2022, 10:07:22 PM",Caminhada de aquecimento,Walk,,646,1.04,165.0,5.0,False,,ASICS Asics Gel Pulse 11 Masculino Pulse 11,activities/7114092209.gpx.gz,,,646.0,646.0,1045.9737548828125,1.9911446571350095,1.619154453277588,31.729999542236328,4.329999923706055,-19.21999931335449,12.510000228881836,21.45978164672852,2.6243486404418945,,,66.0,54.09922409057617,,138.99534606933594,,,96.3871841430664,,,5.0,0.0,,1.0,,2022,2,Terca,10.766666666666667
461,6689318981,"Feb 15, 2022, 10:18:32 PM",Corrida na UFPE,Run,,2504,5.51,188.0,78.0,False,,ASICS pulse gel 13 Asics Pulse Gel 13,activities/7114092695.gpx.gz,,,2504.0,2133.0,5512.02734375,2.7794744968414307,2.5841667652130127,45.79999923706055,47.59999847412109,3.799999952316284,26.13999938964844,34.553768157958984,-0.0328372791409492,,,93.0,87.70403289794922,,162.04034423828125,,,525.6293334960938,,,78.0,0.0,,1.0,5704.0,2022,2,Terca,41.733333333333334
462,6692367829,"Feb 16, 2022, 3:21:11 PM",Treino academia,Weight Training,,2592,0.0,131.0,8.0,False,,,activities/7117369636.gpx.gz,,,2592.0,2592.0,0.0,0.0,0.0,0.0,,,,0.0,0.0,,,78.0,19.479001998901367,,111.54668426513672,,,,,,8.0,0.0,,1.0,,2022,2,Quarta,43.2
463,6729097188,"Feb 18, 2022, 6:43:35 PM",Treino academia,Weight Training,,2846,0.0,173.0,20.0,False,,,activities/7156891525.gpx.gz,,,2846.0,2846.0,0.0,0.0,0.0,0.0,,,,0.0,0.0,,,59.0,16.672454833984375,,131.3074493408203,,,,,,20.0,0.0,,1.0,,2022,2,Sexta,47.43333333333333
464,6729097330,"Feb 21, 2022, 3:37:59 PM",Treino academia,Weight Training,,2207,0.0,127.0,6.0,False,,,activities/7156891692.gpx.gz,,,2207.0,2207.0,0.0,0.0,0.0,0.0,,,,0.0,0.0,,,73.0,27.568567276000977,,108.59764099121094,,,,,,6.0,0.0,,1.0,,2022,2,Segunda,36.78333333333333
465,6729097598,"Feb 23, 2022, 10:42:42 PM",Treino academia,Weight Training,,2535,0.0,140.0,7.0,False,,,activities/7156891939.gpx.gz,,,2535.0,2535.0,0.0,0.0,0.0,0.0,,,,0.0,0.0,,,59.0,23.706016540527344,,110.56488800048828,,,,,,7.0,0.0,,1.0,,2022,2,Quarta,42.25
466,6735759539,"Feb 24, 2022, 9:34:47 PM",Caminhada de aquecimento,Walk,,823,1.23,126.0,2.0,False,,ASICS Asics Gel Pulse 11 Masculino Pulse 11,activities/7164091816.gpx.gz,,,823.0,823.0,1232.3861083984375,1.851722359657288,1.4974315166473389,18.420000076293945,14.920000076293944,12.649999618530272,27.56999969482422,20.518259048461918,0.284001886844635,,,70.0,55.08383941650391,,115.4313507080078,,,113.56597137451172,,,2.0,0.0,,1.0,,2022,2,Quinta,13.716666666666667
467,6735760344,"Feb 24, 2022, 9:48:58 PM",Corrida na UFPE,Run,,2534,5.54,188.0,75.0,False,,ASICS pulse gel 13 Asics Pulse Gel 13,activities/7164092569.gpx.gz,,,2534.0,2154.0,5546.3564453125,2.975335597991944,2.5749101638793945,69.2699966430664,79.7699966430664,8.300000190734863,38.29999923706055,40.37750244140625,-0.1885922849178314,,,94.0,88.68927001953125,,160.63075256347656,,,537.8208618164062,,,75.0,0.0,,1.0,5836.2998046875,2022,2,Quinta,42.233333333333334
468,6764155488,"Mar 2, 2022, 10:42:06 PM",Treino academia,Weight Training,,3239,0.0,169.0,22.0,False,,,activities/7194771607.gpx.gz,,,3239.0,3239.0,0.0,0.0,0.0,0.0,,,,0.0,0.0,,,68.0,16.408994674682617,,125.64804077148438,,,,,,22.0,0.0,,1.0,,2022,3,Quarta,53.983333333333334
469,6772028395,"Mar 4, 2022, 3:28:34 PM",Treino academia,Weight Training,,2819,0.0,125.0,8.0,False,,,activities/7203256881.gpx.gz,,,2819.0,2819.0,0.0,0.0,0.0,0.0,,,,0.0,0.0,,,78.0,32.744537353515625,,109.728271484375,,,,,,8.0,0.0,,1.0,,2022,3,Sexta,46.983333333333334
470,6787710671,"Mar 7, 2022, 3:47:39 PM",Treino academia,Weight Training,,2895,0.0,123.0,7.0,False,,,activities/7220247036.gpx.gz,,,2895.0,2895.0,0.0,0.0,0.0,0.0,,,,0.0,0.0,,,68.0,21.176366806030277,,103.09223175048828,,,,,,7.0,0.0,,1.0,,2022,3,Segunda,48.25
471,6794753799,"Mar 8, 2022, 10:03:27 PM",Caminhada na UFPE,Walk,,3368,4.68,149.0,13.0,False,,ASICS Asics Gel Pulse 11 Masculino Pulse 11,activities/7227783237.gpx.gz,,,3368.0,3314.0,4684.09130859375,2.936177492141724,1.413425326347351,159.08999633789062,-36.90999984741211,-189.05999755859372,76.94999694824219,38.87534713745117,4.1835222244262695,,,65.0,59.90645599365234,,123.82136535644533,,,431.6435852050781,,,13.0,0.0,,1.0,,2022,3,Terca,56.13333333333333
472,6799809502,"Mar 9, 2022, 10:04:23 PM",Treino academia,Weight Training,,2762,0.0,141.0,8.0,False,,,activities/7233249826.gpx.gz,,,2762.0,2762.0,0.0,0.0,0.0,0.0,,,,0.0,0.0,,,68.0,26.700040817260746,,112.5445327758789,,,,,,8.0,0.0,,1.0,,2022,3,Quarta,46.03333333333333
473,6804961980,"Mar 10, 2022, 10:27:18 PM",Caminhada de aquecimento,Walk,,825,1.21,138.0,2.0,False,,ASICS Asics Gel Pulse 11 Masculino Pulse 11,activities/7238791300.gpx.gz,,,825.0,825.0,1217.1068115234375,1.9126166105270384,1.475281000137329,21.18000030517578,11.079999923706056,33.91999816894531,47.27999877929688,26.44615364074707,0.8290151953697205,,,66.0,60.52969741821289,,117.92848205566406,,,112.15790557861328,,,2.0,0.0,,1.0,,2022,3,Quinta,13.75
474,6804962320,"Mar 10, 2022, 10:41:32 PM",Corrida na UFPE,Run,,2430,5.51,191.0,95.0,False,,ASICS pulse gel 13 Asics Pulse Gel 13,activities/7238791685.gpx.gz,,,2430.0,2105.0,5518.490234375,2.8276126384735107,2.621610641479492,86.17000579833984,72.16999816894531,5.199999809265137,33.459999084472656,35.311187744140625,0.253511369228363,,,91.0,87.46910858154297,,167.06796264648438,,,542.2164916992188,,,95.0,0.0,,1.0,5884.0,2022,3,Quinta,40.5
475,6814426237,"Mar 12, 2022, 7:56:14 PM",Caminhada acompanhando Davi no patinete,Walk,,2032,3.7,183.0,51.0,False,,ASICS Asics Gel Pulse 11 Masculino Pulse 11,activities/7249010080.gpx.gz,,,2032.0,2032.0,3707.72314453125,3.5740880966186523,1.8246668577194212,137.510009765625,41.0099983215332,-79.83000183105469,29.940000534057617,31.76764869689941,2.603484630584717,,,95.0,72.42765045166016,,151.73843383789062,,,341.67010498046875,,,51.0,0.0,,1.0,,2022,3,Sabado,33.86666666666667
476,6830717823,"Mar 15, 2022, 10:24:37 PM",Caminhada de aquecimento,Walk,,696,1.07,108.0,1.0,False,,ASICS Asics Gel Pulse 11 Masculino Pulse 11,activities/7266581492.gpx.gz,,,696.0,696.0,1072.368408203125,1.8656147718429563,1.5407592058181765,20.450000762939453,11.449999809265137,13.0600004196167,28.420000076293945,33.7465705871582,0.8392637372016907,,,65.0,57.772987365722656,,95.74712371826172,,,98.8199691772461,,,1.0,0.0,,1.0,,2022,3,Terca,11.6
477,6830718012,"Mar 15, 2022, 10:36:37 PM",Corrida na UFPE,Run,,2907,6.28,186.0,118.0,False,,ASICS pulse gel 13 Asics Pulse Gel 13,activities/7266581697.gpx.gz,,,2907.0,2603.0,6283.287109375,2.8204896450042725,2.4138636589050293,93.92999267578124,88.43000030517578,17.709999084472656,35.2599983215332,43.91530990600586,0.0883295461535453,,,95.0,86.85050201416016,,166.74058532714844,,,615.439697265625,,,118.0,0.0,,1.0,6678.60009765625,2022,3,Terca,48.45
478,6835764641,"Mar 16, 2022, 10:42:33 PM",Treino academia,Weight Training,,2895,0.0,177.0,20.0,False,,,activities/7271992761.gpx.gz,,,2895.0,2895.0,0.0,0.0,0.0,0.0,,,,0.0,0.0,,,71.0,22.91666603088379,,122.67391967773438,,,,,,20.0,0.0,,1.0,,2022,3,Quarta,48.25
479,6856468820,"Mar 18, 2022, 10:30:20 PM",Treino academia,Weight Training,,3312,0.0,149.0,12.0,False,,,activities/7294396198.gpx.gz,,,3312.0,3312.0,0.0,0.0,0.0,0.0,,,,0.0,0.0,,,72.0,30.645488739013672,,113.28109741210938,,,,,,12.0,0.0,,1.0,,2022,3,Sexta,55.2
480,6856469605,"Mar 19, 2022, 7:04:51 PM",Caminhada acompanhando Davi no patinete,Walk,,2001,2.27,132.0,5.0,False,,ASICS Asics Gel Pulse 11 Masculino Pulse 11,activities/7294397079.gpx.gz,,,2001.0,1782.0,2277.576416015625,1.8409868478775024,1.2781013250350952,35.74000549316406,43.7400016784668,64.4000015258789,94.61000061035156,41.48067474365234,-0.3521288633346557,,,71.0,55.25056076049805,,109.9387664794922,,,209.8812713623047,,,5.0,0.0,,1.0,,2022,3,Sabado,33.35
481,6872709156,"Mar 23, 2022, 10:43:14 PM",Caminhada noturna na UFPE,Walk,,3205,4.12,129.0,8.0,False,,ASICS Asics Gel Pulse 11 Masculino Pulse 11,activities/7311880222.gpx.gz,,,3205.0,2861.0,4123.9892578125,1.9375755786895752,1.4414503574371338,69.98999786376953,62.790000915527344,10.06999969482422,27.229999542236328,48.8116569519043,0.1748307198286056,,,69.0,55.97063064575195,,110.80804443359376,,,380.0298156738281,,,8.0,0.0,,1.0,,2022,3,Quarta,53.416666666666664
482,6882526323,"Mar 25, 2022, 10:31:32 PM",Treino academia,Weight Training,,3403,0.0,161.0,19.0,False,,,activities/7322496399.gpx.gz,,,3403.0,3403.0,0.0,0.0,0.0,0.0,,,,0.0,0.0,,,68.0,39.03402328491211,,122.02145385742188,,,,,,19.0,0.0,,1.0,,2022,3,Sexta,56.71666666666667
483,6904194744,"Mar 29, 2022, 10:13:03 PM",Caminhada na UFPE,Walk,,3624,4.94,154.0,20.0,False,,ASICS Asics Gel Pulse 11 Masculino Pulse 11,activities/7346151291.gpx.gz,,,3624.0,3583.0,4945.00732421875,1.818509578704834,1.380130410194397,41.06999206542969,64.7699966430664,16.760000228881836,54.27999877929688,28.616315841674805,-0.4776535332202911,,,69.0,58.9002799987793,,128.5145721435547,,,455.6876220703125,,,20.0,0.0,,1.0,,2022,3,Terca,60.4
484,6909123728,"Mar 30, 2022, 10:16:05 PM",Treino academia,Weight Training,,3422,0.0,177.0,18.0,False,,,activities/7351498661.gpx.gz,,,3422.0,3422.0,0.0,0.0,0.0,0.0,,,,0.0,0.0,,,73.0,27.814327239990234,,121.60929107666016,,,,,,18.0,0.0,,1.0,,2022,3,Quarta,57.03333333333333
485,6917440937,"Apr 1, 2022, 9:50:20 PM",Treino academia,Weight Training,,3391,0.0,142.0,10.0,False,,,activities/7360506778.gpx.gz,,,3391.0,3391.0,0.0,0.0,0.0,0.0,,,,0.0,0.0,,,75.0,28.27876853942871,,111.3515167236328,,,,,,10.0,0.0,,1.0,,2022,4,Sexta,56.516666666666666
486,6937882598,"Apr 5, 2022, 10:57:46 PM",Treino academia,Weight Training,,3639,0.0,175.0,22.0,False,,,activities/7382670833.gpx.gz,,,3639.0,3639.0,0.0,0.0,0.0,0.0,,,,0.0,0.0,,,68.0,23.23023796081543,,119.37620544433594,,,,,,22.0,0.0,,1.0,,2022,4,Terca,60.65
487,6947300126,"Apr 7, 2022, 10:18:57 PM",Caminhada de aquecimento,Walk,,2110,2.94,134.0,7.0,False,,ASICS Asics Gel Pulse 11 Masculino Pulse 11,activities/7392832861.gpx.gz,,,2110.0,2110.0,2945.89013671875,1.6659419536590576,1.3961564302444458,32.61000061035156,20.209999084472656,11.520000457763672,26.489999771118164,30.724903106689453,0.4188886880874634,,,64.0,58.150238037109375,,115.90142059326172,,,271.4667053222656,,,7.0,0.0,,1.0,,2022,4,Quinta,35.166666666666664
488,6947301781,"Apr 7, 2022, 10:55:31 PM",Corrida na UFPE,Run,,2179,4.7,175.0,56.0,False,,ASICS pulse gel 13 Asics Pulse Gel 13,activities/7392834627.gpx.gz,,,2179.0,1887.0,4703.58984375,2.862898111343384,2.492628574371338,82.69000244140625,81.19000244140625,-9.859999656677246,22.420000076293945,25.004484176635746,0.0321031436324119,,,93.0,87.42554473876953,,156.74244689941406,,,457.2348327636719,,,56.0,0.0,,1.0,4961.7998046875,2022,4,Quinta,36.31666666666667
489,6951491237,"Apr 8, 2022, 10:15:19 PM",Treino academia,Weight Training,,3433,0.0,145.0,11.0,False,,,activities/7397366634.gpx.gz,,,3433.0,3433.0,0.0,0.0,0.0,0.0,,,,0.0,0.0,,,74.0,26.747900009155277,,110.53713989257812,,,,,,11.0,0.0,,1.0,,2022,4,Sexta,57.21666666666667
490,6977816851,"Apr 13, 2022, 9:56:31 PM",Treino academia,Weight Training,,3585,0.0,175.0,22.0,False,,,activities/7425886876.gpx.gz,,,3585.0,3585.0,0.0,0.0,0.0,0.0,,,,0.0,0.0,,,80.0,34.03403091430664,,122.6368179321289,,,,,,22.0,0.0,,1.0,,2022,4,Quarta,59.75
491,6982921483,"Apr 14, 2022, 10:16:20 PM",Caminhada de aquecimento,Walk,,864,1.32,141.0,3.0,False,,ASICS pulse gel 13 Asics Pulse Gel 13,activities/7431415263.gpx.gz,,,864.0,864.0,1324.793212890625,2.000572919845581,1.533325433731079,13.259998321533203,14.460000038146973,24.8700008392334,39.34000015258789,27.1320858001709,-0.091335080564022,,,68.0,60.36616516113281,,126.80069732666016,,,122.08072662353516,,,3.0,0.0,,1.0,,2022,4,Quinta,14.4
492,6982921889,"Apr 14, 2022, 10:31:09 PM",Corrida na praÃ§a do Engenho do Meio,Run,,2452,5.42,188.0,78.0,False,,ASICS pulse gel 13 Asics Pulse Gel 13,activities/7431415656.gpx.gz,,,2452.0,2016.0,5421.59423828125,3.2132363319396973,2.689282894134521,77.97000122070312,70.56999969482422,0.2000000029802322,16.469999313354492,24.40836334228516,0.1357534229755401,,,95.0,89.15491485595703,,162.6276092529297,,,528.7808837890625,,,78.0,0.0,,1.0,5738.2001953125,2022,4,Quinta,40.86666666666667
493,6993572253,"Apr 16, 2022, 7:26:43 PM",Caminhada acompanhando Davi no patinete,Walk,,3716,5.5,182.0,35.0,False,,ASICS pulse gel 13 Asics Pulse Gel 13,activities/7442989581.gpx.gz,,,3716.0,2884.0,5502.53369140625,7.642974853515625,1.907952070236206,80.239990234375,112.33999633789062,20.01000022888184,84.95999908447266,31.42504119873047,-0.5833675861358643,,,91.0,68.182861328125,,137.9375457763672,,,507.0636291503906,,,35.0,0.0,,1.0,,2022,4,Sabado,61.93333333333333
494,7009629461,"Apr 19, 2022, 10:11:21 PM",Treino academia,Weight Training,,3355,0.0,153.0,12.0,False,,,activities/7460491940.gpx.gz,,,3355.0,3355.0,0.0,0.0,0.0,0.0,,,,0.0,0.0,,,80.0,33.59718704223633,,113.659912109375,,,,,,12.0,0.0,,1.0,,2022,4,Terca,55.916666666666664
495,7015206061,"Apr 20, 2022, 10:49:07 PM",Treino academia,Weight Training,,4085,0.0,180.0,48.0,False,,,activities/7466494640.gpx.gz,,,4085.0,4085.0,0.0,0.0,0.0,0.0,,,,0.0,0.0,,,90.0,60.04907989501953,,133.3941192626953,,,,,,48.0,0.0,,1.0,,2022,4,Quarta,68.08333333333333
496,7054566258,"Apr 22, 2022, 10:37:59 PM",Caminhada na UFPE,Walk,,2850,4.08,133.0,9.0,False,,ASICS pulse gel 13 Asics Pulse Gel 13,activities/7509171020.gpx.gz,,,2850.0,2850.0,4080.473876953125,2.8175466060638428,1.4317452907562256,38.880001068115234,77.18000030517578,5.409999847412109,60.7400016784668,37.869606018066406,-0.939596712589264,,,66.0,60.91157913208008,,112.8859634399414,,,376.0193786621094,,,9.0,0.0,,1.0,,2022,4,Sexta,47.5
497,7054566603,"Apr 26, 2022, 10:23:05 PM",Treino academia,Weight Training,,3790,0.0,169.0,17.0,False,,,activities/7509171332.gpx.gz,,,3790.0,3790.0,0.0,0.0,0.0,0.0,,,,0.0,0.0,,,80.0,29.41905403137207,,117.4751968383789,,,,,,17.0,0.0,,1.0,,2022,4,Terca,63.166666666666664
498,7061802076,"Apr 29, 2022, 9:59:20 PM",Treino academia,Weight Training,,4121,0.0,184.0,17.0,False,,,activities/7517005482.gpx.gz,,,4121.0,4121.0,0.0,0.0,0.0,0.0,,,,0.0,0.0,,,81.0,28.20451164245605,,112.69910430908205,,,,,,17.0,0.0,,1.0,,2022,4,Sexta,68.68333333333334
499,7071212033,"May 1, 2022, 2:03:47 PM",Caminhada no Parque Santana,Walk,,3538,1.8,126.0,3.0,False,,ASICS pulse gel 13 Asics Pulse Gel 13,activities/7527252032.gpx.gz,,,3538.0,1370.0,1802.0113525390625,7.685367584228516,1.31533682346344,61.55999755859375,35.86000061035156,-4.190000057220459,22.31999969482422,48.47012710571289,1.4284038543701172,,,81.0,52.587196350097656,,102.44371032714844,,,166.05702209472656,,,3.0,0.0,,1.0,,2022,5,Domingo,58.96666666666667
500,7086484490,"May 3, 2022, 10:01:15 PM",Caminhada na UFPE,Walk,,2706,3.74,152.0,11.0,False,,ASICS pulse gel 13 Asics Pulse Gel 13,activities/7543842375.gpx.gz,,,2706.0,2678.0,3745.0166015625,3.4232842922210693,1.3984378576278689,26.270002365112305,20.96999931335449,19.479999542236328,29.65999984741211,28.610197067260746,0.1407203525304794,,,86.0,58.60567474365234,,118.9895477294922,,,345.1073303222656,,,11.0,0.0,,1.0,,2022,5,Terca,45.1
501,7089631047,"May 4, 2022, 10:48:06 PM",Treino academia,Weight Training,,3939,0.0,158.0,18.0,False,,,activities/7547238590.gpx.gz,,,3939.0,3939.0,0.0,0.0,0.0,0.0,,,,0.0,0.0,,,80.0,35.00598907470703,,118.15486145019533,,,,,,18.0,0.0,,1.0,,2022,5,Quarta,65.65
502,7099601712,"May 6, 2022, 10:03:32 PM",Caminhada na UFPE,Walk,,1007,1.41,161.0,15.0,False,,ASICS pulse gel 13 Asics Pulse Gel 13,activities/7558098214.gpx.gz,,,1007.0,1007.0,1409.8763427734375,1.7816115617752075,1.4000757932662964,33.76000213623047,24.559999465942383,1.6799999475479126,22.07999992370605,27.186569213867188,0.6511209607124329,,,70.0,60.51789093017578,,143.25845336914062,,,129.92184448242188,,,15.0,0.0,,1.0,,2022,5,Sexta,16.783333333333335
503,7099618115,"May 6, 2022, 11:16:50 PM",Corrida na UFPE,Run,,890,2.2,181.0,36.0,False,,ASICS pulse gel 13 Asics Pulse Gel 13,activities/7558115997.gpx.gz,,,890.0,890.0,2202.017333984375,2.841542959213257,2.4741768836975098,81.52999114990234,25.43000030517578,18.13999938964844,90.12999725341795,27.63601493835449,2.5472097396850586,,,91.0,88.55230712890625,,163.0764923095703,,,238.39463806152344,,,36.0,0.0,,1.0,2587.0,2022,5,Sexta,14.833333333333334
504,7099618301,"May 6, 2022, 10:28:58 PM",Caminhada na UFPE,Walk,,2597,3.24,183.0,25.0,False,,ASICS pulse gel 13 Asics Pulse Gel 13,activities/7558115803.gpx.gz,,,2597.0,2232.0,3241.8740234375,1.8942750692367556,1.452452540397644,112.33999633789062,112.33999633789062,-52.15999984741211,37.0099983215332,37.746055603027344,0.000308470625896,,,67.0,55.2649040222168,,138.30120849609375,,,298.7415771484375,,,25.0,0.0,,1.0,,2022,5,Sexta,43.28333333333333
505,7127705850,"May 11, 2022, 10:23:25 PM",Caminhada de aquecimento,Walk,,1403,2.01,142.0,5.0,False,,ASICS pulse gel 13 Asics Pulse Gel 13,activities/7588650614.gpx.gz,,,1403.0,1403.0,2015.9012451171875,1.9618752002716064,1.4368505477905271,16.459999084472656,9.859999656677246,14.0600004196167,25.32999992370605,31.036561965942383,0.3288851678371429,,,73.0,56.059200286865234,,117.2945785522461,,,185.76719665527344,,,5.0,0.0,,1.0,,2022,5,Quarta,23.383333333333333
506,7127706825,"May 11, 2022, 10:47:45 PM",Corrida na UFPE,Run,,2054,4.39,185.0,41.0,False,,ASICS pulse gel 13 Asics Pulse Gel 13,activities/7588651629.gpx.gz,,,2054.0,1799.0,4389.07275390625,2.7614128589630127,2.4397292137146,68.19000244140625,63.68999862670898,27.149999618530277,42.43000030517578,23.57792282104492,0.1016160175204277,,,90.0,87.16462707519531,,147.87709045410156,,,427.7096557617188,,,41.0,0.0,,1.0,4641.39990234375,2022,5,Quarta,34.233333333333334
507,7133028307,"May 12, 2022, 10:12:01 PM",Treino academia,Weight Training,,4499,0.0,161.0,16.0,False,,,activities/7594446785.gpx.gz,,,4499.0,4499.0,0.0,0.0,0.0,0.0,,,,0.0,0.0,,,81.0,30.11545181274414,,108.13736724853516,,,,,,16.0,0.0,,1.0,,2022,5,Quinta,74.98333333333333
508,7160413559,"May 14, 2022, 9:59:14 PM",Treino academia,Weight Training,,1253,2.02,136.0,4.0,False,,,activities/7624303074.gpx.gz,,,1253.0,1253.0,2027.800048828125,1.914285659790039,1.6183559894561768,18.399999618530277,18.600000381469727,12.0,22.100000381469727,25.21367454528809,-0.0098629053682088,,,66.0,55.8075065612793,,116.89217376708984,,,186.8656463623047,,,4.0,0.0,,1.0,,2022,5,Sabado,20.883333333333333
509,7171334042,"May 14, 2022, 10:20:38 PM",Corrida na UFPE,Run,,1981,4.43,182.0,47.0,False,,ASICS pulse gel 13 Asics Pulse Gel 13,activities/7636137372.gpx.gz,,,1981.0,1681.0,4429.01123046875,2.7768075466156006,2.6347479820251465,56.369998931884766,60.27000045776367,15.619999885559082,37.06999969482422,29.58556365966797,-0.0860237032175064,,,92.0,88.53392791748047,,155.28988647460938,,,430.446533203125,,,47.0,0.0,,1.0,4671.10009765625,2022,5,Sabado,33.016666666666666
510,7171334289,"May 17, 2022, 10:11:41 PM",Treino academia,Weight Training,,3482,0.0,163.0,27.0,False,,,activities/7636137633.gpx.gz,,,3482.0,3482.0,0.0,0.0,0.0,0.0,,,,0.0,0.0,,,85.0,43.59467315673828,,128.8653106689453,,,,,,27.0,0.0,,1.0,,2022,5,Terca,58.03333333333333
511,7171334451,"May 19, 2022, 10:15:58 PM",Treino academia,Weight Training,,3585,0.0,180.0,81.0,False,,,activities/7636137803.gpx.gz,,,3585.0,3585.0,0.0,0.0,0.0,0.0,,,,0.0,0.0,,,81.0,36.62809753417969,,148.91241455078125,,,,,,81.0,0.0,,1.0,,2022,5,Quinta,59.75
512,7250482538,"Jun 3, 2022, 10:30:17 PM",Corrida ao entardecer,Run,,3555,5.8,,,False,,ASICS pulse gel 13 Asics Pulse Gel 13,activities/7250482538.gpx,,,3555.0,3548.0,5803.759765625,2.66400146484375,1.6357834339141846,0.0,0.0,15.5,16.200000762939453,1.745206594467163,0.0,,,,,,,,,535.1392822265625,,,,0.0,,1.0,5807.2001953125,2022,6,Sexta,59.25
513,7256080776,"Jun 4, 2022, 10:07:33 PM",Corrida ao entardecer,Run,,3200,7.41,,,False,,ASICS pulse gel 13 Asics Pulse Gel 13,activities/7256080776.gpx,,,3200.0,3165.0,7409.22998046875,5.986666202545166,2.340988874435425,0.0,0.1000000014901161,15.100000381469728,16.700000762939453,1.9379717111587524,-0.0013496679021045,,,,,,,,,683.0784912109375,,,,0.0,,1.0,7412.60009765625,2022,6,Sabado,53.333333333333336
514,7315579619,"Jun 15, 2022, 10:36:45 PM",Caminhada ao anoitecer,Hike,,1204,1.83,,,False,,ASICS pulse gel 13 Asics Pulse Gel 13,activities/7315579619.gpx,,,1204.0,1167.0,1833.56005859375,2.64801025390625,1.5711740255355835,0.0,1.399999976158142,15.100000381469728,16.700000762939453,3.9024157524108887,-0.0763541907072067,,,,,,,,,168.96438598632812,,,,0.0,,1.0,,2022,6,Quarta,20.066666666666666
515,7315687305,"Jun 15, 2022, 10:57:17 PM",Corrida ao anoitecer,Run,,2032,4.93,,,False,,ASICS pulse gel 13 Asics Pulse Gel 13,activities/7315687305.gpx,,,2032.0,1979.0,4934.43994140625,3.31201171875,2.4934005737304688,0.0,-0.8999999761581421,15.100000381469728,16.700000762939453,2.379988670349121,0.0182391516864299,,,,,,,,,455.0784912109375,,,,0.0,,1.0,4938.39990234375,2022,6,Quarta,33.86666666666667
516,7421653821,"Jul 5, 2022, 9:44:42 PM",Corrida ao anoitecer,Run,,2110,4.82,,,False,,ASICS pulse gel 13 Asics Pulse Gel 13,activities/7421653821.gpx,,,2110.0,2052.0,4827.22998046875,4.547997951507568,2.35245132446289,0.0,0.0,15.100000381469728,16.899999618530273,2.199652194976806,0.0,,,,,,,,,445.0524597167969,,,,0.0,,1.0,4829.60009765625,2022,7,Terca,35.166666666666664
517,7446836869,"Jul 10, 2022, 2:52:57 PM",Corrida da hora do almoÃ§o,Hike,,3093,5.02,,,False,,ASICS pulse gel 13 Asics Pulse Gel 13,activities/7446836869.gpx,,,3093.0,3076.0,5028.2001953125,4.920000076293945,1.6346553564071655,0.0,0.1000000014901161,15.100000381469728,16.899999618530273,6.382978916168213,-0.0019887832459062,,,,,,,,,463.3536682128906,,,,0.0,,1.0,5030.7001953125,2022,7,Domingo,51.55
518,7507285092,"Jul 21, 2022, 10:01:34 PM",Caminhada ao anoitecer,Hike,,3064,4.65,,,False,,ASICS pulse gel 13 Asics Pulse Gel 13,activities/7507285092.gpx,,,3064.0,3064.0,4656.0498046875,6.868017673492432,1.5195984840393066,0.0,0.0,15.100000381469728,16.799999237060547,8.728157997131348,0.0,,,,,,,,,429.05963134765625,,,,0.0,,1.0,,2022,7,Quinta,51.06666666666667
519,7545520215,"Jul 28, 2022, 10:36:44 PM",Caminhada ao anoitecer,Hike,,1857,3.01,,,False,,ASICS pulse gel 13 Asics Pulse Gel 13,activities/7545520215.gpx,,,1857.0,1796.0,3017.070068359375,4.977978706359863,1.6798831224441528,3.358831882476806,4.15883207321167,13.300000190734863,17.0,11.88458251953125,-0.0265157911926507,,,,,,,,,278.0260314941406,,,,0.0,,1.0,,2022,7,Quinta,30.95
520,7545629791,"Jul 28, 2022, 11:08:02 PM",Corrida ao anoitecer,Run,,2053,4.73,,,False,,ASICS pulse gel 13 Asics Pulse Gel 13,activities/7545629791.gpx,,,2053.0,1979.0,4731.81982421875,3.568066358566284,2.3910155296325684,0.0,-0.8999999761581421,15.100000381469728,16.700000762939453,2.365943431854248,0.0190201662480831,,,,,,,,,436.40869140625,,,,0.0,,1.0,4735.7998046875,2022,7,Quinta,34.21666666666667
521,7560056397,"Jul 31, 2022, 3:17:22 PM",Caminhada da hora do almoÃ§o,Hike,,2896,4.64,,,False,,ASICS pulse gel 13 Asics Pulse Gel 13,activities/7560056397.gpx,,,2896.0,2859.0,4648.39013671875,9.641667366027832,1.6258797645568848,0.0,0.0,15.100000381469728,16.899999618530273,3.384075164794922,0.0,,,,,,,,,428.3537902832031,,,,0.0,,1.0,,2022,7,Domingo,48.266666666666666
522,7599354041,"Aug 7, 2022, 4:22:28 PM",Caminhada vespertina,Hike,,2870,4.77,,,False,,ASICS pulse gel 13 Asics Pulse Gel 13,activities/7599354041.gpx,,,2870.0,2776.0,4774.47021484375,4.155999660491943,1.7199100255966189,2.045230865478516,2.045230865478516,15.100000381469728,18.5,8.853105545043945,0.0,,,,,,,,,439.9721984863281,,,,0.0,,1.0,,2022,8,Domingo,47.833333333333336
523,7611734753,"Aug 9, 2022, 10:06:45 PM",Caminhada ao anoitecer,Hike,,3639,5.61,,,False,,ASICS pulse gel 13 Asics Pulse Gel 13,activities/7611734753.gpx,,,3639.0,3639.0,5610.83984375,4.900006294250488,1.5418630838394165,5.079653739929199,1.8796536922454836,11.399999618530272,17.0,14.325511932373049,0.0570324584841728,,,,,,,,,517.0444946289062,,,,0.0,,1.0,,2022,8,Terca,60.65
524,7622748892,"Aug 11, 2022, 9:09:03 PM",Caminhada ao anoitecer,Hike,,2882,4.43,,,False,,ASICS pulse gel 13 Asics Pulse Gel 13,activities/7622748892.gpx,,,2882.0,2882.0,4438.56982421875,6.0780029296875,1.5401005744934082,3.0660605430603027,3.16606068611145,13.300000190734863,17.0,7.342569828033447,-0.0022529780399054,,,,,,,,,409.0186462402344,,,,0.0,,1.0,,2022,8,Quinta,48.03333333333333
525,7622850108,"Aug 11, 2022, 9:59:13 PM",Corrida ao anoitecer,Run,,1805,4.19,,,False,,ASICS pulse gel 13 Asics Pulse Gel 13,activities/7622850108.gpx,,,1805.0,1764.0,4194.39013671875,3.4640135765075684,2.377772092819214,6.448268413543701,5.148268222808838,13.399999618530272,18.100000381469727,23.40324211120605,0.030993778258562,,,,,,,,,389.2550354003906,,,,0.0,,1.0,4224.10009765625,2022,8,Quinta,30.083333333333332
526,7655808258,"Aug 15, 2022, 12:41:17 PM",Caminhada matinal na UFPE,Walk,,2834,3.32,,,False,,ASICS pulse gel 13 Asics Pulse Gel 13,activities/8169120610.gpx.gz,,,2834.0,2045.0,3319.699951171875,5.050000190734863,1.623325228691101,0.0,0.0,15.100000381469728,17.200000762939453,7.407407283782959,0.0,,,,,,,,,305.9136657714844,,,,0.0,,1.0,3323.5,2022,8,Segunda,47.233333333333334
527,7655836067,"Aug 16, 2022, 10:52:52 AM",Caminhada matinal na UFPE,Walk,,1261,2.01,,,False,,ASICS pulse gel 13 Asics Pulse Gel 13,activities/8169152211.gpx.gz,,,1261.0,1261.0,2011.3045654296875,5.5,1.595003962516785,9.926274299621582,11.426274299621582,11.5,16.399999618530273,14.95327091217041,-0.0745786279439926,,,,,,,,,185.3433074951172,,,,0.0,,1.0,2044.699951171875,2022,8,Terca,21.016666666666666
528,7655843229,"Aug 16, 2022, 11:14:27 AM",Corrida matinal na UFPE,Run,,915,2.3,,,False,,ASICS pulse gel 13 Asics Pulse Gel 13,activities/8169160254.gpx.gz,,,915.0,912.0,2308.370361328125,6.589549541473389,2.5311079025268555,0.0,-0.800000011920929,15.0,16.700000762939453,2.945708513259888,0.0346564836800098,,,,,,,,,212.96096801757807,,,,0.0,,1.0,2311.0,2022,8,Terca,15.25
529,7656226551,"Aug 17, 2022, 10:04:33 PM",Treino Funcional,Workout,,4396,0.0,151.0,14.0,False,,,activities/8169582715.gpx.gz,,,4396.0,4396.0,0.0,0.0,0.0,0.0,,,,0.0,0.0,,,,,,107.14149475097656,,,,,,14.0,0.0,,1.0,,2022,8,Quarta,73.26666666666667
530,7656226679,"Aug 17, 2022, 11:18:37 PM",Treino elÃ­ptico academia,Elliptical,,542,0.0,165.0,11.0,False,,,activities/8169582799.gpx.gz,,,542.0,542.0,0.0,0.0,0.0,0.0,,,,0.0,0.0,,,74.0,66.95756530761719,,149.27490234375,,,0.0,,,11.0,0.0,,1.0,,2022,8,Quarta,9.033333333333333
531,7664589766,"Aug 18, 2022, 8:50:40 PM",Aquecimento antes da caminhada,Walk,,389,0.54,147.0,2.0,False,,ASICS pulse gel 13 Asics Pulse Gel 13,activities/8178948956.gpx.gz,,,389.0,389.0,540.8269653320312,4.879635334014893,1.3903006315231323,0.0,0.0,16.5,16.600000381469727,1.0885189771652222,0.0,,,65.0,55.03208541870117,,132.09893798828125,,,49.83774948120117,,,2.0,0.0,,1.0,,2022,8,Quinta,6.483333333333333
532,7664590157,"Aug 18, 2022, 8:57:38 PM",Caminhada na UFPE,Walk,,4323,4.7,177.0,26.0,False,,ASICS pulse gel 13 Asics Pulse Gel 13,activities/8178949214.gpx.gz,,,4323.0,3297.0,4699.41455078125,2.648280382156372,1.4253607988357544,5.579999923706055,5.679999828338623,13.399999618530272,19.299999237060547,14.884476661682127,-0.0021279247011989,,,65.0,59.31561279296875,,126.8028564453125,,,433.0553283691406,,,26.0,0.0,,1.0,,2022,8,Quinta,72.05
533,7664590305,"Aug 18, 2022, 9:59:20 PM",Corrida na UFPE,Run,,1707,4.19,187.0,74.0,False,,ASICS pulse gel 13 Asics Pulse Gel 13,activities/8178949448.gpx.gz,,,1707.0,1666.0,4189.5673828125,3.936247110366821,2.514746189117432,4.290476322174072,4.290480136871338,12.100000381469728,17.0,7.940715312957764,0.0,,,89.0,85.85517120361328,,167.36178588867188,,,386.9236145019531,,,74.0,0.0,,1.0,4198.7998046875,2022,8,Quinta,28.45
534,7681653654,"Aug 19, 2022, 10:32:45 PM",Treino academia,Workout,,3634,0.0,157.0,16.0,False,,,activities/8198312431.gpx.gz,,,3634.0,3634.0,0.0,0.0,0.0,0.0,,,,0.0,0.0,,,,,,119.84149932861328,,,,,,16.0,0.0,,1.0,,2022,8,Sexta,60.56666666666667
535,7681653999,"Aug 21, 2022, 6:49:38 PM",NataÃ§Ã£o,Swim,,1354,0.0,57.0,0.0,False,,,activities/8198312706.gpx.gz,,,1354.0,1354.0,0.0,0.0,0.0,0.0,,,,0.0,0.0,,,,,,3.079763650894165,,,,,,0.0,0.0,,1.0,,2022,8,Domingo,22.566666666666666
536,7697546694,"Aug 24, 2022, 10:02:47 PM",Treino Funcional,Workout,,5143,0.0,169.0,17.0,False,,,activities/8216060141.gpx.gz,,,5143.0,5143.0,0.0,0.0,0.0,0.0,,,,0.0,0.0,,,,,,103.2383804321289,,,,,,17.0,0.0,,1.0,,2022,8,Quarta,85.71666666666667
537,7703964823,"Aug 25, 2022, 10:18:35 PM",Caminhada na UFPE,Walk,,3308,4.23,134.0,10.0,False,,ASICS pulse gel 13 Asics Pulse Gel 13,activities/8223488027.gpx.gz,,,3308.0,3013.0,4231.84423828125,10.549039840698242,1.4045283794403076,3.0411508083343506,5.441150188446045,13.300000190734863,18.799999237060547,8.953584671020508,-0.0567128658294677,,,66.0,55.99528884887695,,117.20928955078124,,,389.9682922363281,,,10.0,0.0,,1.0,,2022,8,Quinta,55.13333333333333
538,7728015540,"Aug 26, 2022, 9:35:06 PM",Treino Funcional,Workout,,2778,0.0,174.0,19.0,False,,,activities/8250610593.gpx.gz,,,2778.0,2778.0,0.0,0.0,0.0,0.0,,,,0.0,0.0,,,,,,123.65119171142578,,,,,,19.0,0.0,,1.0,,2022,8,Sexta,46.3
539,7728015852,"Aug 28, 2022, 4:18:28 PM",Caminhada na UFPE,Walk,,2640,4.3,142.0,10.0,False,,ASICS pulse gel 13 Asics Pulse Gel 13,activities/8250610892.gpx.gz,,,2640.0,2640.0,4303.65087890625,2.667116403579712,1.6301707029342651,0.0,-0.8999999761581421,15.100000381469728,16.700000762939453,3.028361558914185,0.0209124777466058,,,70.0,63.91426467895508,,125.0064468383789,,,396.5856628417969,,,10.0,0.0,,1.0,,2022,8,Domingo,44.0
540,7741719675,"Sep 1, 2022, 10:33:27 AM",Caminhada matinal na UFPE,Walk,,2411,3.8,147.0,10.0,False,,ASICS pulse gel 13 Asics Pulse Gel 13,activities/8265951646.gpx.gz,,,2411.0,2411.0,3805.27880859375,3.063363075256348,1.5782989263534546,10.864973068237305,8.265000343322754,11.600000381469728,19.600000381469727,12.354854583740234,0.0683261379599571,,,68.0,57.78390884399414,,125.52426147460938,,,350.6603698730469,,,10.0,0.0,,1.0,,2022,9,Quinta,40.18333333333333
541,7771138762,"Sep 6, 2022, 10:47:36 PM",Caminhada de aquecimento,Walk,,2007,2.97,138.0,7.0,False,,ASICS pulse gel 13 Asics Pulse Gel 13,activities/8299303548.tcx.gz,,,2007.0,1943.0,2973.732666015625,2.378300189971924,1.5304851531982422,2.3027026653289795,4.702700138092041,15.100000381469728,19.200000762939453,6.217293739318848,-0.0807066485285759,,,67.0,59.00669479370117,,121.0231704711914,,,282.0,,,7.0,0.0,,1.0,,2022,9,Terca,33.45
542,7771138898,"Sep 6, 2022, 11:21:20 PM",Corrida na UFPE - parte 1,Run,,444,1.0,156.0,8.0,False,,ASICS pulse gel 13 Asics Pulse Gel 13,activities/8299303715.tcx.gz,,,444.0,422.0,1007.17822265625,3.743206262588501,2.3866782188415527,0.0,-0.4000000059604645,16.0,16.700000762939453,1.3352463245391846,0.0397149175405502,,,88.0,86.36779022216797,,146.54808044433594,,,85.0,,,8.0,0.0,,1.0,1008.0999755859376,2022,9,Terca,7.4
543,7771139086,"Sep 6, 2022, 11:30:32 PM",Corrida na UFPE - parte 2,Run,,1655,3.63,175.0,48.0,False,,ASICS pulse gel 13 Asics Pulse Gel 13,activities/8299303889.tcx.gz,,,1655.0,1510.0,3635.593017578125,3.745248079299927,2.407677412033081,0.0,-0.3000000119209289,15.100000381469728,16.5,2.0004632472991943,0.0082517489790916,,,89.0,85.4757080078125,,159.5991973876953,,,336.0,,,48.0,0.0,,1.0,3638.300048828125,2022,9,Terca,27.583333333333332
544,7779856385,"Sep 7, 2022, 10:46:29 PM",Treino Funcional,Workout,,2375,0.0,141.0,6.0,False,,,activities/8309154071.tcx.gz,,,2375.0,2375.0,0.0,0.0,0.0,0.0,,,,0.0,0.0,,,,,,104.82947540283205,,,258.0,,,6.0,0.0,,1.0,,2022,9,Quarta,39.583333333333336
545,7779856571,"Sep 8, 2022, 10:12:52 PM",Caminhada de aquecimento,Walk,,1271,2.01,153.0,10.0,False,,ASICS pulse gel 13 Asics Pulse Gel 13,activities/8309154281.tcx.gz,,,1271.0,1271.0,2009.0057373046875,2.5684053897857666,1.580649733543396,0.0,0.4000000059604645,15.100000381469728,16.600000381469727,2.97515606880188,-0.0199103467166423,,,67.0,59.94422149658203,,129.00318908691406,,,199.0,,,10.0,0.0,,1.0,,2022,9,Quinta,21.183333333333334
546,7779856857,"Sep 8, 2022, 10:34:14 PM",Corrida na UFPE,Run,,2936,5.51,182.0,80.0,False,,ASICS pulse gel 13 Asics Pulse Gel 13,activities/8309154502.tcx.gz,,,2936.0,2097.0,5516.1064453125,4.0668463706970215,2.6304750442504883,0.0,-0.3000000119209289,14.300000190734863,16.700000762939453,3.952209234237671,0.0054386188276112,,,88.0,85.25692749023438,,162.95033264160156,,,479.0,,,80.0,0.0,,1.0,5519.89990234375,2022,9,Quinta,48.93333333333333
547,7785257701,"Sep 9, 2022, 10:11:23 PM",Treino Funcional,Workout,,3127,0.0,141.0,10.0,False,,,activities/8315261208.tcx.gz,,,3127.0,3127.0,0.0,0.0,0.0,0.0,,,,0.0,0.0,,,,,,111.87432098388672,,,386.0,,,10.0,0.0,,1.0,,2022,9,Sexta,52.11666666666667
548,7801330100,"Sep 12, 2022, 10:54:51 AM",Caminhada matinal na UFPE,Walk,,2122,3.17,140.0,7.0,False,,ASICS pulse gel 13 Asics Pulse Gel 13,activities/8333460604.tcx.gz,,,2122.0,2097.0,3171.732177734375,2.718949794769287,1.5125094652175903,7.173532009124756,7.273530006408691,9.699999809265137,17.600000381469727,13.973898887634276,-0.00315285124816,,,66.0,61.235572814941406,,120.79875946044922,,,298.0,,,7.0,0.0,,1.0,,2022,9,Segunda,35.36666666666667
549,7806545964,"Sep 13, 2022, 8:54:25 PM",Caminhada na UFPE,Walk,,4292,6.05,139.0,12.0,False,,ASICS pulse gel 13 Asics Pulse Gel 13,activities/8339283241.tcx.gz,,,4292.0,3224.0,6056.2646484375,6.348332405090332,1.8784940242767332,12.705599784851074,16.70560073852539,9.199999809265137,17.600000381469727,11.668761253356934,-0.0660473108291626,,,67.0,49.86861801147461,,121.83841705322266,,,468.0,,,12.0,0.0,,1.0,,2022,9,Terca,71.53333333333333
550,7806546370,"Sep 13, 2022, 9:51:27 PM",Corrida na UFPE,Run,,3193,5.75,183.0,16.0,False,,ASICS pulse gel 13 Asics Pulse Gel 13,activities/8339283702.tcx.gz,,,3193.0,1514.0,5751.8251953125,3.930776357650757,3.7990918159484863,149.64491271972656,129.64500427246094,-5.099999904632568,40.70000076293945,48.51527404785156,0.3477157354354858,,,90.0,86.82689666748047,,137.82955932617188,,,262.0,,,16.0,0.0,,1.0,6554.7998046875,2022,9,Terca,53.21666666666667
551,7816966788,"Sep 14, 2022, 10:02:40 PM",Treino Funcional,Workout,,2715,0.0,139.0,7.0,False,,,activities/8350954640.tcx.gz,,,2715.0,2715.0,0.0,0.0,0.0,0.0,,,,0.0,0.0,,,,,,106.26261138916016,,,304.0,,,7.0,0.0,,1.0,,2022,9,Quarta,45.25
552,7816967042,"Sep 14, 2022, 10:51:00 PM",Treino Funcional,Workout,,1440,0.0,139.0,3.0,False,,,activities/8350954933.tcx.gz,,,1440.0,1440.0,0.0,0.0,0.0,0.0,,,,0.0,0.0,,,,,,93.22916412353516,,,125.0,,,3.0,0.0,,1.0,,2022,9,Quarta,24.0
553,7816967391,"Sep 15, 2022, 10:22:39 PM",Caminhada na UFPE,Walk,,4146,4.68,129.0,10.0,False,,ASICS pulse gel 13 Asics Pulse Gel 13,activities/8350955215.tcx.gz,,,4146.0,3225.0,4682.59619140625,2.535572290420532,1.451967716217041,11.439593315124512,11.539600372314451,12.600000381469728,21.399999618530277,25.209627151489254,-0.0021355675999075,,,67.0,58.843204498291016,,112.08010864257812,,,409.0,,,10.0,0.0,,1.0,,2022,9,Quinta,69.1
554,7841671423,"Sep 20, 2022, 10:41:26 PM",Caminhada de aquecimento,Walk,,1204,2.02,134.0,4.0,False,,ASICS pulse gel 13 Asics Pulse Gel 13,activities/8378820037.tcx.gz,,,1204.0,1179.0,2020.281005859375,3.286555290222168,1.713554620742798,2.6935484409332275,2.393549919128418,14.300000190734863,17.0,7.187147617340088,0.0148494197055697,,,68.0,63.68193435668945,,124.8685302734375,,,180.0,,,4.0,0.0,,1.0,,2022,9,Terca,20.066666666666666
555,7841671538,"Sep 20, 2022, 11:01:47 PM",Corrida na UFPE,Run,,2745,6.49,252.0,16.0,False,,ASICS pulse gel 13 Asics Pulse Gel 13,activities/8378820155.tcx.gz,,,2745.0,1976.0,6493.3955078125,14.077478408813477,3.2861311435699463,23.41938781738281,25.21940040588379,9.5,18.799999237060547,13.95134162902832,-0.0277204737067222,,,89.0,86.8069076538086,,133.1219482421875,,,305.0,,,16.0,0.0,,1.0,6547.7998046875,2022,9,Terca,45.75
556,7849653479,"Sep 21, 2022, 9:55:08 PM",Treino Funcional,Workout,,4494,0.0,168.0,31.0,False,,,activities/8387764664.tcx.gz,,,4494.0,4494.0,0.0,0.0,0.0,0.0,,,,0.0,0.0,,,,,,118.81642150878906,,,618.0,,,31.0,0.0,,1.0,,2022,9,Quarta,74.9
557,7854850998,"Sep 22, 2022, 10:18:39 PM",Caminhada de aquecimento,Walk,,1261,2.04,145.0,5.0,False,,ASICS pulse gel 13 Asics Pulse Gel 13,activities/8393592212.tcx.gz,,,1261.0,1261.0,2047.9215087890625,2.8690218925476074,1.624044418334961,3.1849265098571777,2.7849299907684326,13.300000190734863,17.0,10.493766784667969,0.0195319987833499,,,67.0,62.271484375,,125.22811126708984,,,188.0,,,5.0,0.0,,1.0,,2022,9,Quinta,21.016666666666666
558,7854851207,"Sep 22, 2022, 10:39:56 PM",Corrida na UFPE,Run,,2294,5.38,181.0,36.0,False,,ASICS pulse gel 13 Asics Pulse Gel 13,activities/8393592425.tcx.gz,,,2294.0,1965.0,5379.3544921875,4.219846725463867,2.7375848293304443,5.316666603088379,-0.2833299934864044,10.300000190734863,16.899999618530273,12.81204319000244,0.1041017100214958,,,88.0,86.04243469238281,,147.6221923828125,,,388.0,,,36.0,0.0,,1.0,5406.7998046875,2022,9,Quinta,38.233333333333334
559,7872789744,"Sep 26, 2022, 3:19:49 PM",Caminhada de aquecimento,Walk,,512,1.02,128.0,1.0,False,,ASICS pulse gel 13 Asics Pulse Gel 13,activities/8413996295.tcx.gz,,,512.0,512.0,1028.8240966796875,8.348556518554688,2.009422063827514,7.525000095367432,8.625,8.600000381469727,17.399999618530273,10.44643211364746,-0.1069181784987449,,,67.0,49.134765625,,114.0390625,,,64.0,,,1.0,0.0,,1.0,,2022,9,Segunda,8.533333333333333
560,7872789798,"Sep 26, 2022, 3:28:37 PM",Corrida matinal na UFPE,Run,,1232,3.1,173.0,13.0,False,,ASICS pulse gel 13 Asics Pulse Gel 13,activities/8413996387.tcx.gz,,,1232.0,1060.0,3106.307373046875,3.6453371047973633,2.930478811264038,0.0,1.600000023841858,11.699999809265137,16.700000762939453,10.437195777893066,-0.0515081025660038,,,89.0,87.39981079101562,,139.60586547851562,,,194.0,,,13.0,0.0,,1.0,3111.60009765625,2022,9,Segunda,20.533333333333335
561,7877625093,"Sep 27, 2022, 10:26:07 PM",Caminhada de aquecimento,Walk,,753,1.22,130.0,2.0,False,,ASICS pulse gel 13 Asics Pulse Gel 13,activities/8419360236.tcx.gz,,,753.0,753.0,1221.2952880859375,3.137261152267456,1.6219061613082886,4.020588397979736,3.1205899715423584,14.300000190734863,18.899999618530277,11.1497220993042,0.0736922472715377,,,67.0,60.632137298583984,,107.33466339111328,,,84.0,,,2.0,0.0,,1.0,,2022,9,Terca,12.55
562,7877625271,"Sep 27, 2022, 10:38:53 PM",Corrida na UFPE,Run,,2211,5.32,179.0,49.0,False,,ASICS pulse gel 13 Asics Pulse Gel 13,activities/8419360392.tcx.gz,,,2211.0,2047.0,5322.5361328125,3.676803827285767,2.6001641750335693,0.0,0.6000000238418579,15.100000381469728,16.700000762939453,1.9898898601531985,-0.0112728215754032,,,88.0,85.59039306640625,,152.48947143554688,,,404.0,,,49.0,0.0,,1.0,5324.2998046875,2022,9,Terca,36.85
563,7877625353,"Sep 27, 2022, 11:16:05 PM",Caminhada de relaxamento,Walk,,660,1.02,126.0,2.0,False,,ASICS pulse gel 13 Asics Pulse Gel 13,activities/8419360554.tcx.gz,,,660.0,660.0,1020.792724609375,8.942728042602539,1.5466514825820925,0.0,0.2000000029802322,15.600000381469728,17.600000381469727,6.775891304016113,-0.0195926167070865,,,65.0,60.6597785949707,,116.85691833496094,,,88.0,,,2.0,0.0,,1.0,,2022,9,Terca,11.0
564,7884752270,"Sep 28, 2022, 10:17:14 PM",Treino Funcional,Workout,,4013,0.0,164.0,24.0,False,,,activities/8427334209.tcx.gz,,,4013.0,4013.0,0.0,0.0,0.0,0.0,,,,0.0,0.0,,,,,,119.55744171142578,,,558.0,,,24.0,0.0,,1.0,,2022,9,Quarta,66.88333333333334
565,7920203538,"Sep 30, 2022, 10:29:16 PM",Treino Funcional,Workout,,3989,0.0,158.0,12.0,False,,,activities/8467230082.tcx.gz,,,3989.0,3989.0,0.0,0.0,0.0,0.0,,,,0.0,0.0,,,,,,108.4662857055664,,,465.0,,,12.0,0.0,,1.0,,2022,9,Sexta,66.48333333333333
566,7920203685,"Oct 4, 2022, 10:06:21 PM",Caminhada na UFPE,Walk,,3584,4.85,156.0,16.0,False,,ASICS pulse gel 13 Asics Pulse Gel 13,activities/8467230274.tcx.gz,,,3584.0,3584.0,4855.0,0.0,1.3546316623687744,0.0,,,,0.0,0.0,,,66.0,58.63755416870117,,120.19837951660156,,,502.0,,,16.0,0.0,,1.0,,2022,10,Terca,59.733333333333334
567,7920203915,"Oct 5, 2022, 10:15:12 PM",Treino Funcional,Workout,,2934,0.0,148.0,9.0,False,,,activities/8467230486.tcx.gz,,,2934.0,2934.0,0.0,0.0,0.0,0.0,,,,0.0,0.0,,,,,,110.53885650634766,,,354.0,,,9.0,0.0,,1.0,,2022,10,Quarta,48.9
568,7920204074,"Oct 5, 2022, 11:05:00 PM",Corrida na esteira da academia,Run,,716,1.38,184.0,31.0,False,,ASICS pulse gel 13 Asics Pulse Gel 13,activities/8467230661.tcx.gz,,,716.0,716.0,1380.0,0.0,1.927374243736267,0.0,,,,0.0,0.0,,,88.0,84.97765350341797,,164.66619873046875,,,164.0,,,31.0,0.0,,1.0,,2022,10,Quarta,11.933333333333334
569,7932659109,"Oct 7, 2022, 9:19:00 PM",Caminhada noturna na UFPE,Walk,,3862,4.06,180.0,82.0,False,,ASICS pulse gel 13 Asics Pulse Gel 13,activities/8481347305.tcx.gz,,,3862.0,3862.0,4059.56640625,2.739418029785156,1.0511574745178225,3.1785714626312256,3.27856993675232,13.399999618530272,17.0,12.489227294921877,-0.0024633172433823,,,63.0,55.34454345703125,,154.40126037597656,,,646.0,,,82.0,0.0,,1.0,,2022,10,Sexta,64.36666666666666
570,7932659177,"Oct 8, 2022, 6:44:58 PM",Caminhada de aquecimento na UFPE,Walk,,2225,3.0,159.0,21.0,False,,ASICS pulse gel 13 Asics Pulse Gel 13,activities/8481347449.tcx.gz,,,2225.0,2225.0,3001.85546875,3.916414260864258,1.349150538444519,3.503225803375244,3.503230094909668,11.899999618530272,16.79199981689453,8.964882850646973,0.0,,,66.0,63.288352966308594,,136.70703125,,,339.0,,,21.0,0.0,,1.0,,2022,10,Sabado,37.083333333333336
571,7932659297,"Oct 8, 2022, 7:20:02 PM",Corrida na UFPE,Run,,1808,4.47,177.0,10.0,False,,ASICS pulse gel 13 Asics Pulse Gel 13,activities/8481347590.tcx.gz,,,1808.0,1808.0,4476.6416015625,8.297914505004883,2.476017713546753,0.0,0.0,15.100000381469728,16.700000762939453,5.804452896118164,0.0,,,89.0,86.70301818847656,,132.8045196533203,,,244.0,,,10.0,0.0,,1.0,4479.89990234375,2022,10,Sabado,30.133333333333333
572,7992663293,"Oct 11, 2022, 10:40:10 PM",Caminhada na UFPE,Walk,,2688,4.32,173.0,27.0,False,,ASICS pulse gel 13 Asics Pulse Gel 13,activities/8550151681.tcx.gz,,,2688.0,2688.0,4320.51953125,2.6998679637908936,1.6073362827301023,4.625714302062988,4.6257100105285645,13.300000190734863,18.899999618530277,9.05793571472168,0.0,,,69.0,62.84284591674805,,134.00228881835938,,,443.0,,,27.0,0.0,,1.0,,2022,10,Terca,44.8
573,7992663495,"Oct 13, 2022, 10:50:44 AM",Morning Walk,Walk,,1631,2.14,135.0,5.0,False,,ASICS pulse gel 13 Asics Pulse Gel 13,activities/8550151911.tcx.gz,,,1631.0,1604.0,2148.458740234375,4.493641376495361,1.3394381999969482,4.025000095367432,4.025000095367432,11.899999618530272,16.5,9.861479759216309,0.0,,,63.0,57.27312469482422,,118.5343780517578,,,221.0,,,5.0,0.0,,1.0,,2022,10,Quinta,27.183333333333334
574,7992663839,"Oct 14, 2022, 10:54:34 AM",Morning Walk,Walk,,2102,3.06,126.0,6.0,False,,ASICS pulse gel 13 Asics Pulse Gel 13,activities/8550152223.tcx.gz,,,2102.0,2087.0,3060.478515625,2.262803792953491,1.4664486646652222,6.980186462402344,7.080186367034912,12.899999618530272,18.600000381469727,8.755754470825195,-0.0032674630638211,,,65.0,59.402591705322266,,113.2835922241211,,,264.0,,,6.0,0.0,,1.0,,2022,10,Sexta,35.03333333333333
575,7992664357,"Oct 18, 2022, 10:46:08 AM",Morning Walk,Walk,,2724,3.16,135.0,8.0,False,,ASICS pulse gel 13 Asics Pulse Gel 13,activities/8550152833.tcx.gz,,,2724.0,2152.0,3161.22119140625,2.4947619438171387,1.4689689874649048,10.97272491455078,9.072725296020508,8.699999809265137,17.0,16.40884017944336,0.060103353112936,,,67.0,57.502098083496094,,121.43023681640624,,,350.0,,,8.0,0.0,,1.0,,2022,10,Terca,45.4
576,7992664424,"Oct 19, 2022, 9:44:37 PM",Treino Funcional,Weight Training,,5532,0.0,181.0,35.0,False,,,activities/8550153067.tcx.gz,,,5532.0,5532.0,0.0,0.0,0.0,0.0,,,,0.0,0.0,,,,,,122.47776794433594,,,800.0,,,35.0,0.0,,1.0,,2022,10,Quarta,92.2
577,8001197009,"Oct 21, 2022, 9:38:27 PM",Treino Funcional,Weight Training,,2948,0.0,176.0,18.0,False,,,activities/8559748532.tcx.gz,,,2948.0,2948.0,0.0,0.0,0.0,0.0,,,,0.0,0.0,,,,,,123.79409790039062,,,434.0,,,18.0,0.0,,1.0,,2022,10,Sexta,49.13333333333333
578,8016480670,"Oct 24, 2022, 10:31:55 PM",Caminhada de aquecimento,Walk,,1286,2.0,128.0,4.0,False,,ASICS pulse gel 13 Asics Pulse Gel 13,activities/8577200304.tcx.gz,,,1286.0,1252.0,2007.14306640625,3.952959299087525,1.6031494140625,4.589012145996094,3.9890100955963135,13.300000190734863,18.899999618530277,8.069900512695312,0.0298932343721389,,,68.0,56.286170959472656,,114.03597259521484,,,162.0,,,4.0,0.0,,1.0,,2022,10,Segunda,21.433333333333334
579,8016480889,"Oct 24, 2022, 10:53:36 PM",Corrida na UFPE,Run,,2113,5.27,176.0,15.0,False,,ASICS pulse gel 13 Asics Pulse Gel 13,activities/8577200518.tcx.gz,,,2113.0,1895.0,5272.1669921875,4.195491313934326,2.7821462154388428,0.0,0.5,15.100000381469728,16.700000762939453,2.5709969997406006,-0.0094837667420506,,,89.0,85.62242126464844,,134.1327362060547,,,320.0,,,15.0,0.0,,1.0,5273.7001953125,2022,10,Segunda,35.21666666666667
580,8027993004,"Oct 26, 2022, 9:55:33 PM",Afternoon Workout,Workout,,4239,0.0,171.0,17.0,False,,,activities/8590176283.tcx.gz,,,4239.0,4239.0,0.0,0.0,0.0,0.0,,,,0.0,0.0,,,,,,106.69497680664062,,,485.0,,,17.0,0.0,,1.0,,2022,10,Quarta,70.65
581,8059423748,"Oct 27, 2022, 10:14:13 PM",Caminhada de aquecimento,Walk,,2843,3.13,146.0,8.0,False,,ASICS pulse gel 13 Asics Pulse Gel 13,activities/8625953778.tcx.gz,,,2843.0,2045.0,3137.826416015625,2.5938920974731445,1.5343894958496094,4.84674596786499,5.646749973297119,13.300000190734863,18.899999618530277,8.523831367492676,-0.0254953559488058,,,66.0,57.88785171508789,,121.4835205078125,,,294.0,,,8.0,0.0,,1.0,,2022,10,Quinta,47.38333333333333
582,8059424268,"Oct 27, 2022, 10:50:06 PM",Corrida rÃ¡pida,Run,,1611,2.03,180.0,14.0,False,,ASICS pulse gel 13 Asics Pulse Gel 13,activities/8625954537.tcx.gz,,,1611.0,709.0,2036.857421875,4.158562660217285,2.8728597164154053,3.60952377319336,2.909519910812378,12.199999809265137,16.299999237060547,9.8856201171875,0.0343666672706604,,,87.0,85.19405364990234,,148.46600341796875,,,142.0,,,14.0,0.0,,1.0,2047.199951171875,2022,10,Quinta,26.85
583,8059424627,"Oct 27, 2022, 11:04:40 PM",Caminhada rÃ¡pida,Walk,,1432,1.76,176.0,8.0,False,,ASICS pulse gel 13 Asics Pulse Gel 13,activities/8625954927.tcx.gz,,,1432.0,1177.0,1766.6138916015625,5.373411655426025,1.5009464025497437,0.0,0.1000000014901161,15.0,16.5,2.817840814590454,-0.005660546477884,,,71.0,53.73214340209961,,127.11479949951172,,,181.0,,,8.0,0.0,,1.0,,2022,10,Quinta,23.866666666666667
584,8059425411,"Oct 29, 2022, 2:32:44 PM",Caminhada vitamida D,Walk,,3637,3.31,141.0,8.0,False,,ASICS pulse gel 13 Asics Pulse Gel 13,activities/8625955659.tcx.gz,,,3637.0,3637.0,3311.857177734375,5.9352850914001465,0.9106021523475648,0.0,0.0,15.5,16.200000762939453,1.8740055561065676,0.0,,,64.0,58.66379928588867,,118.28589630126952,,,320.0,,,8.0,0.0,,1.0,,2022,10,Sabado,60.61666666666667
585,8059425743,"Nov 1, 2022, 10:39:39 PM",Caminhada de aquecimento,Walk,,2095,2.03,131.0,4.0,False,,ASICS pulse gel 13 Asics Pulse Gel 13,activities/8625956100.tcx.gz,,,2095.0,2095.0,2031.014404296875,4.395381450653076,0.9694558382034302,19.15194702148437,22.05190086364746,11.800000190734863,22.600000381469727,19.54331398010254,-0.1427857875823974,,,66.0,57.99003219604492,,121.52146911621094,,,189.0,,,4.0,0.0,,1.0,,2022,11,Terca,34.916666666666664
586,8059426271,"Nov 1, 2022, 11:02:10 PM",Corrida na UFPE,Run,,3710,5.46,175.0,54.0,False,,ASICS pulse gel 13 Asics Pulse Gel 13,activities/8625956710.tcx.gz,,,3710.0,1908.0,5467.11279296875,4.201306819915772,2.865363121032715,13.562271118164062,8.962300300598145,15.100000381469728,23.0,15.268414497375488,0.0841394737362861,,,89.0,86.380126953125,,155.6529998779297,,,400.0,,,54.0,0.0,,1.0,5533.7998046875,2022,11,Terca,61.833333333333336
587,8093007232,"Nov 3, 2022, 10:23:03 PM",Caminhada na UFPE,Walk,,3817,5.02,141.0,12.0,False,,ASICS pulse gel 13 Asics Pulse Gel 13,activities/8663956748.tcx.gz,,,3817.0,3602.0,5026.84033203125,2.743327617645264,1.3955693244934082,3.292307615280152,6.39231014251709,13.300000190734863,17.0,10.148552894592283,-0.0616689547896385,,,66.0,57.32422637939453,,114.86730194091795,,,473.0,,,12.0,0.0,,1.0,,2022,11,Quinta,63.61666666666667
588,8093007252,"Nov 4, 2022, 10:26:16 PM",Treino Funcional,Weight Training,,3457,0.0,157.0,14.0,False,,,activities/8663956990.tcx.gz,,,3457.0,3457.0,0.0,0.0,0.0,0.0,,,,0.0,0.0,,,,,,117.72230529785156,,,469.0,,,14.0,0.0,,1.0,,2022,11,Sexta,57.61666666666667
589,8093007555,"Nov 8, 2022, 10:36:56 PM",Caminhada de aquecimento,Walk,,2221,3.07,131.0,6.0,False,,ASICS pulse gel 13 Asics Pulse Gel 13,activities/8663957308.tcx.gz,,,2221.0,2221.0,3074.625244140625,3.60313081741333,1.3843449354171753,7.416534900665283,8.116530418395996,13.300000190734863,19.100000381469727,11.512011528015137,-0.0227670017629861,,,67.0,61.70195388793945,,117.1932144165039,,,263.0,,,6.0,0.0,,1.0,,2022,11,Terca,37.016666666666666
590,8093007821,"Nov 8, 2022, 11:11:02 PM",Corrida na UFPE,Run,,2145,4.36,155.0,6.0,False,,ASICS pulse gel 13 Asics Pulse Gel 13,activities/8663957621.tcx.gz,,,2145.0,1532.0,4359.62744140625,5.022763729095459,2.845709800720215,9.314189910888672,11.014189720153809,10.199999809265137,16.899999618530273,14.938148498535156,-0.0389941595494747,,,89.0,86.31208801269531,,124.9776611328125,,,221.0,,,6.0,0.0,,1.0,4384.7998046875,2022,11,Terca,35.75
591,8094681657,"Nov 9, 2022, 10:01:41 PM",Treino Funcional,Workout,,3970,0.0,176.0,31.0,False,,,activities/8665810475.tcx.gz,,,3970.0,3970.0,0.0,0.0,0.0,0.0,,,,0.0,0.0,,,,,,122.17430877685548,,,576.0,,,31.0,0.0,,1.0,,2022,11,Quarta,66.16666666666667
592,8121422122,"Nov 10, 2022, 10:13:43 PM",Treino academia,Weight Training,,3388,0.0,160.0,11.0,False,,,activities/8696200428.tcx.gz,,,3388.0,3388.0,0.0,0.0,0.0,0.0,,,,0.0,0.0,,,,,,106.26800537109376,,,382.0,,,11.0,0.0,,1.0,,2022,11,Quinta,56.46666666666667
593,8121422265,"Nov 14, 2022, 9:56:23 PM",Treino Funcional,Workout,,4293,0.0,177.0,19.0,False,,,activities/8696200609.tcx.gz,,,4293.0,4293.0,0.0,0.0,0.0,0.0,,,,0.0,0.0,,,,,,108.55113220214844,,,505.0,,,19.0,0.0,,1.0,,2022,11,Segunda,71.55
594,8125943041,"Nov 15, 2022, 9:59:45 PM",Caminhada parte 1,Walk,,1229,2.01,141.0,4.0,False,,ASICS pulse gel 13 Asics Pulse Gel 13,activities/8701293780.tcx.gz,,,1229.0,1229.0,2013.87060546875,3.094447374343872,1.638624906539917,0.0,-0.800000011920929,15.800000190734863,16.700000762939453,1.0370386838912964,0.0397244989871978,,,68.0,56.90181350708008,,122.80280303955078,,,177.0,,,4.0,0.0,,1.0,,2022,11,Terca,20.483333333333334
595,8125943445,"Nov 15, 2022, 10:25:14 PM",Caminhada parte 2,Walk,,1339,2.07,131.0,4.0,False,,ASICS pulse gel 13 Asics Pulse Gel 13,activities/8701294164.tcx.gz,,,1339.0,1339.0,2071.331298828125,4.359046936035156,1.5469239950180054,0.0,2.0999999046325684,13.100000381469728,16.5,12.314726829528809,-0.1013840734958648,,,68.0,62.694801330566406,,119.3896026611328,,,188.0,,,4.0,0.0,,1.0,,2022,11,Terca,22.316666666666666
596,8130929493,"Nov 16, 2022, 10:07:47 PM",Treino Funcional parte1,Workout,,1296,0.0,116.0,3.0,False,,,activities/8706888160.tcx.gz,,,1296.0,1296.0,0.0,0.0,0.0,0.0,,,,0.0,0.0,,,,,,95.43827056884766,,,94.0,,,3.0,0.0,,1.0,,2022,11,Quarta,21.6
597,8130929657,"Nov 16, 2022, 10:25:25 PM",Treino Funcional parte2,Workout,,2204,0.0,134.0,5.0,False,,,activities/8706888341.tcx.gz,,,2204.0,2204.0,0.0,0.0,0.0,0.0,,,,0.0,0.0,,,,,,96.80172729492188,,,207.0,,,5.0,0.0,,1.0,,2022,11,Quarta,36.733333333333334
598,8148528311,"Nov 18, 2022, 10:47:28 PM",Caminhada de aquecimento,Walk,,1922,3.03,152.0,10.0,False,,ASICS pulse gel 13 Asics Pulse Gel 13,activities/8726906893.tcx.gz,,,1922.0,1922.0,3029.448486328125,2.9872395992279053,1.5761966705322266,0.0,0.699999988079071,15.100000381469728,16.799999237060547,2.824312210083008,-0.0231065154075622,,,68.0,58.900001525878906,,128.3010711669922,,,302.0,,,10.0,0.0,,1.0,,2022,11,Sexta,32.03333333333333
599,8148528540,"Nov 18, 2022, 11:20:18 PM",Corrida na UFPE,Run,,1603,4.2,176.0,28.0,False,,ASICS pulse gel 13 Asics Pulse Gel 13,activities/8726907167.tcx.gz,,,1603.0,1498.0,4208.3701171875,5.6823835372924805,2.809325933456421,3.9678571224212646,-0.9321399927139282,11.0,16.799999237060547,14.046005249023438,0.1164346262812614,,,90.0,87.1969223022461,,147.05491638183594,,,287.0,,,28.0,0.0,,1.0,4229.60009765625,2022,11,Sexta,26.716666666666665
600,8148528843,"Nov 20, 2022, 4:35:14 PM",Caminhada vitamida D,Walk,,1978,3.15,130.0,6.0,False,,ASICS pulse gel 13 Asics Pulse Gel 13,activities/8726907498.tcx.gz,,,1978.0,1978.0,3158.7333984375,2.7162978649139404,1.596931219100952,0.0,-0.1000000014901161,15.100000381469728,16.799999237060547,4.912102699279785,0.0031658259686082,,,69.0,60.863731384277344,,115.42213439941406,,,258.0,,,6.0,0.0,,1.0,,2022,11,Domingo,32.96666666666667
601,8148529072,"Nov 21, 2022, 10:55:35 AM",Caminhada matinal na UFPE,Walk,,1965,2.19,132.0,4.0,False,,ASICS pulse gel 13 Asics Pulse Gel 13,activities/8726907724.tcx.gz,,,1965.0,1965.0,2195.58740234375,2.527381896972656,1.117348551750183,0.0,0.0,15.0,16.700000762939453,2.764344930648804,0.0,,,66.0,56.9101676940918,,113.94010925292967,,,185.0,,,4.0,0.0,,1.0,,2022,11,Segunda,32.75
602,8164695182,"Nov 23, 2022, 10:06:07 PM",Treino Funcional parte1,Workout,,2449,0.0,168.0,21.0,False,,,activities/8745001786.tcx.gz,,,2449.0,2449.0,0.0,0.0,0.0,0.0,,,,0.0,0.0,,,,,,130.80154418945312,,,395.0,,,21.0,0.0,,1.0,,2022,11,Quarta,40.81666666666667
603,8164695218,"Nov 23, 2022, 10:47:12 PM",Treino Funcional parte2,Workout,,1881,0.0,129.0,4.0,False,,,activities/8745001874.tcx.gz,,,1881.0,1881.0,0.0,0.0,0.0,0.0,,,,0.0,0.0,,,,,,99.3418426513672,,,186.0,,,4.0,0.0,,1.0,,2022,11,Quarta,31.35
604,8164695305,"Nov 24, 2022, 10:48:18 PM",Caminhada de aquecimento,Walk,,668,1.05,136.0,2.0,False,,ASICS pulse gel 13 Asics Pulse Gel 13,activities/8745001985.tcx.gz,,,668.0,668.0,1056.1976318359375,2.954544305801392,1.58113431930542,0.0,-0.5,15.800000190734863,16.600000381469727,1.9859938621521,0.0473396219313144,,,66.0,51.23652648925781,,124.3727569580078,,,99.0,,,2.0,0.0,,1.0,,2022,11,Quinta,11.133333333333333
605,8164695468,"Nov 24, 2022, 10:59:41 PM",Corrida na UFPE,Run,,3373,6.41,187.0,85.0,False,,ASICS pulse gel 13 Asics Pulse Gel 13,activities/8745002121.tcx.gz,,,3373.0,2336.0,6414.62646484375,8.467900276184082,2.7459871768951416,0.0,0.800000011920929,15.100000381469728,16.700000762939453,2.0294668674468994,-0.0124714979901909,,,93.0,86.6821517944336,,162.0486297607422,,,536.0,,,85.0,0.0,,1.0,6416.5,2022,11,Quinta,56.21666666666667
606,8182230043,"Nov 28, 2022, 10:02:34 PM",Treino Funcional,Workout,,3779,0.0,139.0,10.0,False,,,activities/8764896150.tcx.gz,,,3779.0,3779.0,0.0,0.0,0.0,0.0,,,,0.0,0.0,,,,,,103.30166625976562,,,406.0,,,10.0,0.0,,1.0,,2022,11,Segunda,62.983333333333334
607,8189334619,"Nov 29, 2022, 9:51:33 PM",Caminhada de aquecimento,Walk,,1327,2.02,159.0,7.0,False,,ASICS pulse gel 13 Asics Pulse Gel 13,activities/8772792445.tcx.gz,,,1327.0,1327.0,2026.2548828125,2.468981504440308,1.5269441604614258,4.906254768371582,4.506249904632568,13.300000190734863,18.899999618530277,12.2735595703125,0.0197408534586429,,,65.0,38.25688171386719,,126.61697387695312,,,202.0,,,7.0,0.0,,1.0,,2022,11,Terca,22.116666666666667
608,8189334883,"Nov 29, 2022, 10:13:57 PM",Corrida na UFPE,Run,,2078,5.16,184.0,98.0,False,,ASICS pulse gel 13 Asics Pulse Gel 13,activities/8772792744.tcx.gz,,,2078.0,1902.0,5163.4267578125,13.418697357177734,2.714735269546509,0.0,0.699999988079071,15.100000381469728,16.700000762939453,2.1157126426696777,-0.0135568892583251,,,89.0,86.25581359863281,,171.42388916015625,,,466.0,,,98.0,0.0,,1.0,5165.0,2022,11,Terca,34.63333333333333
609,8210554422,"Nov 30, 2022, 9:42:48 PM",Treino Funcional parte1,Workout,,2053,0.0,155.0,6.0,False,,,activities/8796744019.tcx.gz,,,2053.0,2053.0,0.0,0.0,0.0,0.0,,,,0.0,0.0,,,,,,103.8899154663086,,,221.0,,,6.0,0.0,,1.0,,2022,11,Quarta,34.21666666666667
610,8210554583,"Nov 30, 2022, 10:17:22 PM",Treino Funcional parte2,Workout,,2975,0.0,136.0,8.0,False,,,activities/8796744161.tcx.gz,,,2975.0,2975.0,0.0,0.0,0.0,0.0,,,,0.0,0.0,,,,,,107.94050598144533,,,346.0,,,8.0,0.0,,1.0,,2022,11,Quarta,49.583333333333336
611,8210554737,"Dec 3, 2022, 9:21:39 PM",Caminhada de aquecimento,Walk,,743,1.2,129.0,2.0,False,,ASICS pulse gel 13 Asics Pulse Gel 13,activities/8796744342.tcx.gz,,,743.0,743.0,1204.3529052734375,2.2754335403442383,1.6209325790405271,0.0,-0.699999988079071,15.899999618530272,16.700000762939453,1.831377387046814,0.0581224970519542,,,68.0,62.58161926269531,,111.47462463378906,,,90.0,,,2.0,0.0,,1.0,,2022,12,Sabado,12.383333333333333
612,8210554966,"Dec 3, 2022, 9:34:11 PM",Corrida na UFPE,Run,,3112,7.29,180.0,39.0,False,,ASICS pulse gel 13 Asics Pulse Gel 13,activities/8796744573.tcx.gz,,,3112.0,2840.0,7293.794921875,3.908370018005371,2.568237543106079,0.0,0.6000000238418579,15.100000381469728,17.100000381469727,5.197274684906006,-0.0082261702045798,,,90.0,87.75336456298828,,139.07855224609375,,,508.0,,,39.0,0.0,,1.0,7298.39990234375,2022,12,Sabado,51.86666666666667
613,8216800414,"Dec 6, 2022, 10:04:47 PM",Caminhada ao anoitecer,Hike,,1112,1.69,,,False,,ASICS pulse gel 13 Asics Pulse Gel 13,activities/8216800414.gpx,,,1112.0,1112.0,1694.1800537109375,3.30999755859375,1.5235432386398315,6.148571491241455,5.44857120513916,13.199999809265137,19.899999618530277,18.292518615722656,0.0413179211318492,,,,,,,,,156.12039184570312,,,,0.0,,1.0,,2022,12,Terca,18.533333333333335
614,8216940397,"Dec 6, 2022, 10:23:41 PM",Corrida ao anoitecer,Run,,2746,6.31,,,False,,ASICS pulse gel 13 Asics Pulse Gel 13,activities/8216940397.gpx,,,2746.0,2655.0,6312.60986328125,4.164000034332275,2.3776309490203857,0.0,1.0,15.100000381469728,17.0,9.73239517211914,-0.0158413089811801,,,,,,,,,582.108642578125,,,,0.0,,1.0,6316.89990234375,2022,12,Terca,45.766666666666666
615,8240374946,"Dec 9, 2022, 10:51:57 PM",Caminhada de aquecimento,Walk,,687,1.03,143.0,2.0,False,,ASICS pulse gel 13 Asics Pulse Gel 13,activities/8830853332.tcx.gz,,,687.0,687.0,1038.5672607421875,3.8221218585968018,1.5117467641830444,0.0,-0.4000000059604645,15.899999618530272,16.700000762939453,1.0301117897033691,0.0385145954787731,,,64.0,32.17873764038086,,127.00308227539062,,,102.0,,,2.0,0.0,,1.0,,2022,12,Sexta,11.45
616,8240375039,"Dec 9, 2022, 11:03:36 PM",Corrida na UFPE (treino curto),Run,,1246,3.04,183.0,56.0,False,,ASICS pulse gel 13 Asics Pulse Gel 13,activities/8830853405.tcx.gz,,,1246.0,1171.0,3040.587646484375,3.8922297954559326,2.5965735912323,0.0,0.800000011920929,15.100000381469728,16.799999237060547,1.7482914924621582,-0.0263107027858495,,,89.0,87.42073822021484,,169.30076599121094,,,286.0,,,56.0,0.0,,1.0,3040.39990234375,2022,12,Sexta,20.766666666666666
617,8240375091,"Dec 10, 2022, 9:46:00 PM",Caminhada de aquecimento,Walk,,678,1.07,145.0,3.0,False,,ASICS pulse gel 13 Asics Pulse Gel 13,activities/8830853459.tcx.gz,,,678.0,678.0,1075.881591796875,4.079620361328125,1.5868436098098757,0.0,-0.5,15.800000190734863,16.700000762939453,1.0307778120040894,0.0464735142886638,,,67.0,47.05279159545898,,127.57315063476562,,,103.0,,,3.0,0.0,,1.0,,2022,12,Sabado,11.3
618,8240375306,"Dec 10, 2022, 9:57:40 PM",Corrida na UFPE,Run,,3244,6.22,186.0,85.0,False,,ASICS pulse gel 13 Asics Pulse Gel 13,activities/8830853642.tcx.gz,,,3244.0,2244.0,6220.087890625,12.937970161437988,2.7718751430511475,5.647189617156982,8.247190475463867,11.899999618530272,18.399999618530277,16.11624526977539,-0.0418000519275665,,,90.0,87.70196533203125,,162.75067138671875,,,513.0,,,85.0,0.0,,1.0,6253.2001953125,2022,12,Sabado,54.06666666666667
619,8243385219,"Dec 12, 2022, 10:00:25 PM",Caminhada na UFPE,Walk,,4529,5.11,156.0,17.0,False,,ASICS pulse gel 13 Asics Pulse Gel 13,activities/8834194389.tcx.gz,,,4529.0,4529.0,5112.2451171875,3.123749256134033,1.1287811994552612,0.0,1.5,13.300000190734863,17.0,4.605100631713867,-0.0293413177132606,,,68.0,42.52643585205078,,124.17191314697266,,,522.0,,,17.0,0.0,,1.0,,2022,12,Segunda,75.48333333333333
620,8252314563,"Dec 13, 2022, 10:00:51 PM",Caminhada de aquecimento,Walk,,782,1.13,133.0,2.0,False,,ASICS pulse gel 13 Asics Pulse Gel 13,activities/8844164758.tcx.gz,,,782.0,782.0,1138.6993408203125,3.5188703536987305,1.4561381340026855,0.0,-0.1000000014901161,15.899999618530272,16.700000762939453,1.0392961502075195,0.008781949058175,,,66.0,44.86062240600586,,118.72801208496094,,,106.0,,,2.0,0.0,,1.0,,2022,12,Terca,13.033333333333333
621,8252314669,"Dec 13, 2022, 10:14:09 PM",Corrida na UFPE,Run,,3554,6.18,186.0,95.0,False,,ASICS pulse gel 13 Asics Pulse Gel 13,activities/8844164832.tcx.gz,,,3554.0,2355.0,6179.0615234375,7.558880805969238,2.623805284500122,0.0,0.8999999761581421,14.899999618530272,17.600000381469727,9.809402465820312,-0.0145653188228607,,,89.0,87.00767517089844,,164.86871337890625,,,541.0,,,95.0,0.0,,1.0,6184.2998046875,2022,12,Terca,59.233333333333334
622,8252314675,"Dec 14, 2022, 9:58:15 PM",Treino academia,Workout,,3350,0.0,170.0,15.0,False,,,activities/8844164868.tcx.gz,,,3350.0,3350.0,0.0,0.0,0.0,0.0,,,,0.0,0.0,,,,,,107.40626525878906,,,391.0,,,15.0,0.0,,1.0,,2022,12,Quarta,55.833333333333336
623,8266307690,"Dec 16, 2022, 10:21:01 PM",Caminhada de aquecimento,Walk,,694,1.09,147.0,3.0,False,,ASICS pulse gel 13 Asics Pulse Gel 13,activities/8860065648.tcx.gz,,,694.0,694.0,1093.9964599609375,5.96144437789917,1.5763638019561768,0.0,-0.800000011920929,15.800000190734863,16.899999618530273,1.894824266433716,0.0731263756752014,,,67.0,47.70893478393555,,123.45965576171876,,,100.0,,,3.0,0.0,,1.0,,2022,12,Sexta,11.566666666666666
624,8266307854,"Dec 16, 2022, 10:32:49 PM",Corrida na UFPE,Run,,2605,6.22,181.0,78.0,False,,ASICS pulse gel 13 Asics Pulse Gel 13,activities/8860065752.tcx.gz,,,2605.0,2305.0,6223.31396484375,3.8255367279052734,2.6999194622039795,0.0,0.699999988079071,15.100000381469728,16.700000762939453,3.574593544006348,-0.0112480260431766,,,92.0,87.81731414794922,,160.63592529296875,,,514.0,,,78.0,0.0,,1.0,6225.5,2022,12,Sexta,43.416666666666664
625,8272590575,"Dec 19, 2022, 10:08:59 PM",Treino Funcional,Workout,,4644,0.0,156.0,18.0,False,,,activities/8867053067.tcx.gz,,,4644.0,4644.0,0.0,0.0,0.0,0.0,,,,0.0,0.0,,,,,,112.42829132080078,,,582.0,,,18.0,0.0,,1.0,,2022,12,Segunda,77.4
626,8272590657,"Dec 20, 2022, 10:11:18 PM",Caminhada de aquecimento,Walk,,893,1.37,141.0,3.0,False,,ASICS pulse gel 13 Asics Pulse Gel 13,activities/8867053152.tcx.gz,,,893.0,893.0,1371.6856689453125,3.657050132751465,1.5360469818115234,6.735238075256348,4.035240173339844,11.0,18.899999618530277,12.645604133605955,0.1968380957841873,,,66.0,45.20257568359375,,123.20608520507812,,,129.0,,,3.0,0.0,,1.0,,2022,12,Terca,14.883333333333333
627,8272590840,"Dec 20, 2022, 10:26:27 PM",Corrida na UFPE,Run,,2743,6.31,184.0,85.0,False,,ASICS pulse gel 13 Asics Pulse Gel 13,activities/8867053264.tcx.gz,,,2743.0,2354.0,6315.01708984375,3.475196361541748,2.6826751232147217,6.045000076293945,6.945000171661377,10.0,16.799999237060547,9.692564964294434,-0.0142517434433102,,,89.0,87.48638153076172,,162.25404357910156,,,538.0,,,85.0,0.0,,1.0,6338.39990234375,2022,12,Terca,45.71666666666667
628,8281857793,"Dec 22, 2022, 10:24:08 PM",Caminhada na UFPE,Walk,,3762,5.55,165.0,31.0,False,,ASICS pulse gel 13 Asics Pulse Gel 13,activities/8877414462.tcx.gz,,,3762.0,3762.0,5551.6669921875,2.8895463943481445,1.4757230281829834,8.75517749786377,8.555179595947266,13.0,17.200000762939453,17.7736873626709,0.0036025214940309,,,68.0,50.91030883789063,,130.1432342529297,,,603.0,,,31.0,0.0,,1.0,,2022,12,Quinta,62.7
629,8293115640,"Dec 23, 2022, 9:36:14 PM",Treino academia,Workout,,4273,0.0,153.0,14.0,False,,,activities/8890189453.tcx.gz,,,4273.0,4273.0,0.0,0.0,0.0,0.0,,,,0.0,0.0,,,,,,104.50011444091795,,,418.0,,,14.0,0.0,,1.0,,2022,12,Sexta,71.21666666666667
630,8293115770,"Dec 24, 2022, 7:01:36 PM",Futebol na UFPE com Davi,Football (Soccer),,5122,0.0,184.0,58.0,False,,,activities/8890189542.tcx.gz,,,5122.0,5122.0,0.0,0.0,0.0,0.0,,,,0.0,0.0,,,,,,128.66127014160156,,,724.0,,,58.0,0.0,,1.0,,2022,12,Sabado,85.36666666666666
631,8297549136,"Dec 26, 2022, 9:54:15 PM",Treino Funcional,Workout,,4310,0.0,150.0,15.0,False,,,activities/8895231337.tcx.gz,,,4310.0,4310.0,0.0,0.0,0.0,0.0,,,,0.0,0.0,,,,,,113.64361572265624,,,549.0,,,15.0,0.0,,1.0,,2022,12,Segunda,71.83333333333333
632,8300242215,"Dec 27, 2022, 10:03:19 PM",Caminhada de aquecimento,Walk,,647,1.12,130.0,2.0,False,,ASICS pulse gel 13 Asics Pulse Gel 13,activities/8898279144.tcx.gz,,,647.0,647.0,1123.8013916015625,7.175427913665772,1.7369396686553955,0.0,4.300000190734863,15.5,20.399999618530277,6.842711448669434,-0.3826298713684082,,,67.0,41.98387145996094,,116.1983871459961,,,83.0,,,2.0,0.0,,1.0,,2022,12,Terca,10.783333333333333
633,8300242341,"Dec 27, 2022, 10:14:18 PM",Corrida na UFPE (Ãltima de 2022),Run,,3325,7.23,186.0,139.0,False,,ASICS pulse gel 13 Asics Pulse Gel 13,activities/8898279201.tcx.gz,,,3325.0,2824.0,7229.31591796875,5.1666579246521,2.5599560737609863,0.0,0.6000000238418579,15.100000381469728,16.700000762939453,1.87506639957428,-0.0082995407283306,,,91.0,88.17022705078125,,170.25462341308594,,,680.0,,,139.0,0.0,,1.0,7232.2001953125,2022,12,Terca,55.416666666666664
635,8332731506,"Dec 28, 2022, 6:56:46 PM",Treino Funcional,Workout,,2817,0.0,137.0,8.0,False,,,activities/8935452912.tcx.gz,,,2817.0,2817.0,0.0,0.0,0.0,0.0,,,,0.0,0.0,,,,,,107.49449920654295,,,324.0,,,8.0,0.0,,1.0,,2022,12,Quarta,46.95
