,Unnamed: 0,Activity ID,Activity Date,Activity Name,Activity Type,Activity Description,Elapsed Time,Distance,Max Heart Rate,Filename,Max Speed,Average Speed,Calories,Recovery,With Pet,Competition,Long Run,For a Cause,data_ano,data_mes,dia_semana,tempo_min
0,634,8332731502,"Jan 2, 2023, 9:53:10 PM",Treino academia,Weight Training,,3824,0.0,171.0,activities/8935452957.tcx.gz,0.0,0.0,443.0,,,,,,2023,1,Segunda,63.73333333333333
1,636,8332731521,"Jan 2, 2023, 10:57:25 PM",Corrida rÃÂ¡pida na esteira,Run,,765,0.12,139.0,activities/8935453054.tcx.gz,6.760025978088379,0.1667058765888214,174.0,,,,,,2023,1,Segunda,12.75
2,637,8336419773,"Jan 3, 2023, 10:12:53 PM",Caminhada de aquecimento,Walk,,913,1.41,159.0,activities/8939589040.tcx.gz,2.8420097827911377,1.548389911651611,163.0,,,,,,2023,1,Terca,15.216666666666669
3,638,8336420005,"Jan 3, 2023, 10:29:10 PM",Corrida na UFPE (Primeira de 2023),Run,,2510,6.19,185.0,activities/8939589217.tcx.gz,7.433178901672363,2.687562704086304,528.0,,,,,,2023,1,Terca,41.833333333333336
4,639,8341639169,"Jan 4, 2023, 9:46:12 PM",Caminhada na UFPE,Walk,,3185,4.55,137.0,activities/8945400858.tcx.gz,4.900719165802002,1.430292010307312,435.0,,,,,,2023,1,Quarta,53.083333333333336
5,640,8380185228,"Jan 5, 2023, 10:20:43 PM",Caminhada de aquecimento,Walk,,1350,2.01,148.0,activities/8988371348.tcx.gz,2.454131603240967,1.4942073822021484,204.0,,,,,,2023,1,Quinta,22.5
6,641,8380185264,"Jan 6, 2023, 9:58:40 PM",Treino academia,Weight Training,,3692,0.0,163.0,activities/8988371463.tcx.gz,0.0,0.0,437.0,,,,,,2023,1,Sexta,61.53333333333333
7,642,8380185305,"Jan 5, 2023, 10:43:40 PM",Corrida rÃÂ¡pida na UFPE,Run,,1481,3.54,185.0,activities/8988371424.tcx.gz,3.622509241104126,2.540802240371704,338.0,,,,,,2023,1,Quinta,24.683333333333334
8,643,8380185409,"Jan 9, 2023, 10:47:01 PM",Treino academia,Weight Training,,4106,0.0,173.0,activities/8988371663.tcx.gz,0.0,0.0,550.0,,,,,,2023,1,Segunda,68.43333333333334
9,644,8380185642,"Jan 10, 2023, 10:40:29 PM",Caminhada de aquecimento,Walk,,2427,2.4,160.0,activities/8988371906.tcx.gz,2.57322096824646,0.9919200539588928,226.0,,,,,,2023,1,Terca,40.45
10,645,8380185768,"Jan 10, 2023, 11:08:24 PM",Corrida na UFPE,Run,,2945,5.11,180.0,activities/8988372006.tcx.gz,3.626385927200317,2.611236095428467,349.0,,,,,,2023,1,Terca,49.083333333333336
11,646,8380185856,"Jan 11, 2023, 9:57:26 PM",Treino Funcional,Workout,,4268,0.0,181.0,activities/8988372094.tcx.gz,0.0,0.0,500.0,,,,,,2023,1,Quarta,71.13333333333334
12,647,8385218126,"Jan 12, 2023, 10:07:01 PM",Caminhada de aquecimento,Walk,,777,1.11,148.0,activities/8993911513.tcx.gz,2.457082271575928,1.4361261129379272,109.0,,,,,,2023,1,Quinta,12.95
13,648,8385218280,"Jan 12, 2023, 10:20:16 PM",Corrida na UFPE,Run,,3490,6.23,186.0,activities/8993911605.tcx.gz,3.235208034515381,2.529315948486328,564.0,,,,,,2023,1,Quinta,58.16666666666666
14,649,8411980832,"Jan 16, 2023, 9:49:19 PM",Treino Funcional,Workout,,5156,0.0,153.0,activities/9023696070.tcx.gz,0.0,0.0,609.0,,,,,,2023,1,Segunda,85.93333333333334
15,650,8411981068,"Jan 17, 2023, 9:49:21 PM",Caminhada noturna na UFPE,Walk,,4200,4.76,178.0,activities/9023696199.tcx.gz,15.487082481384276,1.135292887687683,532.0,,,,,,2023,1,Terca,70.0
16,651,8482261950,"Jan 18, 2023, 10:00:38 PM",Treino academia,Workout,,4262,0.0,125.0,activities/9101648618.tcx.gz,0.0,0.0,341.0,,,,,,2023,1,Quarta,71.03333333333333
17,652,8482262070,"Jan 21, 2023, 12:42:22 PM",Trilha Hotel Pedra do Rodeadouro,Hike,,4655,2.58,135.0,activities/9101648712.tcx.gz,2.119999885559082,0.5553168654441833,372.0,,,,,,2023,1,Sabado,77.58333333333333
18,653,8482262087,"Jan 30, 2023, 10:04:56 PM",Treino Funcional,Workout,,4076,0.0,154.0,activities/9101648791.tcx.gz,0.0,0.0,460.0,,,,,,2023,1,Segunda,67.93333333333334
19,654,8489462467,"Jan 31, 2023, 10:19:38 PM",Caminhada de aquecimento,Walk,,2135,2.28,139.0,activities/9110673735.tcx.gz,2.6126770973205566,1.071854829788208,281.0,,,,,,2023,1,Terca,35.583333333333336
20,655,8489465355,"Jan 31, 2023, 10:55:39 PM",Corrida na UFPE,Run,,1704,4.02,190.0,activities/9110676731.tcx.gz,3.7046103477478014,2.5423688888549805,381.0,,,,,,2023,1,Terca,28.4
21,656,8520199573,"Feb 6, 2023, 10:04:02 PM",Treino academia,Weight Training,,3527,0.0,121.0,activities/9144994955.tcx.gz,0.0,0.0,337.0,,,,,,2023,2,Segunda,58.78333333333333
22,657,8531924577,"Feb 8, 2023, 10:04:42 PM",Treino academia,Weight Training,,3502,0.0,172.0,activities/9157923386.tcx.gz,0.0,0.0,404.0,,,,,,2023,2,Quarta,58.36666666666667
23,658,8531924632,"Feb 7, 2023, 9:42:13 PM",Caminhada na UFPE,Walk,com Bernardo,5154,5.27,167.0,activities/9157923268.tcx.gz,2.888173341751098,1.0229413509368896,549.0,,,,,,2023,2,Terca,85.9
24,659,8564734002,"Feb 9, 2023, 10:21:01 PM",Caminhada de aquecimento,Walk,,1371,2.02,134.0,activities/9194516185.tcx.gz,3.736520528793335,1.4754339456558228,193.0,,,,,,2023,2,Quinta,22.85
25,660,8564734096,"Feb 13, 2023, 3:32:16 PM",Treino academia,Weight Training,,2495,0.0,160.0,activities/9194516328.tcx.gz,0.0,0.0,373.0,,,,,,2023,2,Segunda,41.583333333333336
26,661,8564734097,"Feb 9, 2023, 10:44:35 PM",Corrida na UFPE,Run,,2235,5.14,189.0,activities/9194516293.tcx.gz,4.488211631774902,2.457697868347168,457.0,,,,,,2023,2,Quinta,37.25
27,662,8564734183,"Feb 14, 2023, 11:07:19 PM",Corrida rÃÂ¡pida na UFPE,Run,,2351,4.02,186.0,activities/9194516464.tcx.gz,0.0,1.7107614278793335,423.0,,,,,,2023,2,Terca,39.18333333333333
28,663,8564734194,"Feb 14, 2023, 10:11:12 PM",Caminhada na UFPE,Walk,A distÃÂ¢ncia total da caminhada foi 4 Km. Esqueci de resumir o relÃÂ³gio depois da pausa da chuva.,3243,2.19,133.0,activities/9194516435.tcx.gz,0.0,0.6777675151824951,217.0,,,,,,2023,2,Terca,54.05
29,664,8575886438,"Feb 15, 2023, 9:36:35 PM",Treino academia,Weight Training,,3020,0.0,180.0,activities/9206792447.tcx.gz,0.0,0.0,418.0,,,,,,2023,2,Quarta,50.333333333333336
30,665,8575886632,"Feb 16, 2023, 10:32:49 PM",Corrida rÃÂ¡pida,Run,,2107,3.24,182.0,activities/9206792634.tcx.gz,4.351729869842529,2.847905158996582,205.0,,,,,,2023,2,Quinta,35.11666666666667
31,666,8575886666,"Feb 16, 2023, 9:35:12 PM",Caminhada na UFPE,Walk,,4321,4.35,144.0,activities/9206792579.tcx.gz,2.667823553085327,1.0068155527114868,426.0,,,,,,2023,2,Quinta,72.01666666666667
32,667,8592701533,"Feb 18, 2023, 7:43:02 PM",Caminhada na UFPE acompanhando Davi no patinete,Walk,,3063,5.0,178.0,activities/9224958636.tcx.gz,7.581161499023437,1.634795904159546,461.0,,,,,,2023,2,Sabado,51.05
33,668,8603704086,"Feb 20, 2023, 10:28:00 PM",Caminhada de Aquecimento,Walk,,1341,2.13,147.0,activities/9236574521.tcx.gz,3.40926480293274,1.5894193649291992,213.0,,,,,,2023,2,Segunda,22.35
34,669,8603704122,"Feb 20, 2023, 10:50:40 PM",Corrida na UFPE,Run,,2320,3.41,178.0,activities/9236574609.tcx.gz,3.709484338760376,3.069960594177246,242.0,,,,,,2023,2,Segunda,38.66666666666666
35,670,8603704223,"Feb 21, 2023, 10:17:59 PM",Caminhada de Aquecimento,Walk,,1148,1.39,136.0,activities/9236574700.tcx.gz,3.618074893951416,1.2136062383651731,127.0,,,,,,2023,2,Terca,19.133333333333333
36,671,8603704353,"Feb 21, 2023, 10:33:07 PM",Corrida na UFPE,Run,,2508,5.01,187.0,activities/9236574823.tcx.gz,4.6740899085998535,2.8595337867736816,425.0,,,,,,2023,2,Terca,41.8
37,672,8616800334,"Feb 23, 2023, 9:28:19 PM",Caminhada na UFPE,Walk,,3010,4.29,157.0,activities/9250352092.tcx.gz,3.3535757064819336,1.4251694679260254,461.0,,,,,,2023,2,Quinta,50.16666666666666
38,673,8636034421,"Feb 27, 2023, 10:42:05 AM",Caminhada matinal UFPE,Walk,,2927,3.23,122.0,activities/9270660884.tcx.gz,4.055946826934815,1.1060471534729004,220.0,,,,,,2023,2,Segunda,48.78333333333333
39,674,8636034450,"Feb 27, 2023, 10:48:04 PM",Treino academia,Workout,,3748,0.0,155.0,activities/9270661007.tcx.gz,0.0,0.0,430.0,,,,,,2023,2,Segunda,62.46666666666667
40,675,8641647397,"Feb 28, 2023, 10:23:03 PM",Caminhada de aquecimento,Walk,,854,1.26,135.0,activities/9276506298.tcx.gz,2.30855393409729,1.485889911651611,116.0,,,,,,2023,2,Terca,14.233333333333333
41,676,8641647580,"Feb 28, 2023, 10:37:32 PM",Corrida na UFPE,Run,,3326,5.54,189.0,activities/9276506381.tcx.gz,4.662449836730957,2.744880199432373,457.0,,,,,,2023,2,Terca,55.43333333333333
42,677,8660950074,"Mar 2, 2023, 9:35:31 PM",Treino academia,Workout,,4008,0.0,148.0,activities/9297135804.tcx.gz,0.0,0.0,444.0,,,,,,2023,3,Quinta,66.8
43,678,8660950148,"Mar 4, 2023, 8:31:15 PM",Caminhada de Aquecimento,Walk,,1207,1.5,140.0,activities/9297135858.tcx.gz,2.65864896774292,1.2498674392700195,170.0,,,,,,2023,3,Sabado,20.116666666666667
44,679,8660950220,"Mar 4, 2023, 8:51:36 PM",Corrida na UFPE,Run,,3274,5.63,187.0,activities/9297135909.tcx.gz,14.209824562072754,2.850627899169922,518.0,,,,,,2023,3,Sabado,54.56666666666667
45,680,8675037265,"Mar 5, 2023, 2:44:11 PM",Caminhada,Walk,,2030,1.05,139.0,activities/9312067004.tcx.gz,1.789285659790039,0.5198029279708862,195.0,,,,,,2023,3,Domingo,33.833333333333336
46,681,8675037366,"Mar 6, 2023, 9:47:32 PM",Caminhada de Aquecimento,Walk,,1367,2.01,134.0,activities/9312067142.tcx.gz,5.37786340713501,1.4702121019363403,177.0,,,,,,2023,3,Segunda,22.78333333333333
47,682,8675037721,"Mar 6, 2023, 10:10:32 PM",Corrida na UFPE,Run,,1981,4.03,182.0,activities/9312067464.tcx.gz,3.524342060089112,2.5635337829589844,305.0,,,,,,2023,3,Segunda,33.016666666666666
48,683,8680830675,"Mar 7, 2023, 10:33:57 PM",Pedalada noturna na UFPE,Ride,,4440,14.62,148.0,activities/9318123507.tcx.gz,8.244635581970215,4.025476455688477,453.0,,,,,,2023,3,Terca,74.0
49,684,8746583337,"Mar 8, 2023, 10:00:53 PM",Treino academia,Weight Training,,821,0.0,107.0,activities/9387451104.tcx.gz,0.0,0.0,63.0,,,,,,2023,3,Quarta,13.683333333333334
50,685,8746583445,"Mar 8, 2023, 10:14:47 PM",Treino academia,Weight Training,,3108,0.0,143.0,activities/9387451159.tcx.gz,0.0,0.0,377.0,,,,,,2023,3,Quarta,51.8
51,686,8746583456,"Mar 10, 2023, 11:24:26 PM",Treino academia,Weight Training,,2981,0.0,134.0,activities/9387451218.tcx.gz,0.0,0.0,307.0,,,,,,2023,3,Sexta,49.68333333333333
52,687,8746583515,"Mar 14, 2023, 12:13:29 AM",Pedalada noturna no Alphaville,Ride,Pedalada com bicicleta elÃÂ©trica ,382,2.2,111.0,activities/9387451253.tcx.gz,9.392611503601074,6.027643203735352,33.0,,,,,,2023,3,Terca,6.366666666666666
53,688,8746583611,"Mar 16, 2023, 9:55:13 PM",Caminhada de Aquecimento,Walk,,1923,2.87,159.0,activities/9387451317.tcx.gz,3.9187629222869873,1.4940197467803955,335.0,,,,,,2023,3,Quinta,32.05
54,689,8746583697,"Mar 16, 2023, 10:27:39 PM",Corrida na UFPE,Run,,1336,3.12,189.0,activities/9387451431.tcx.gz,8.576529502868652,2.6609506607055664,285.0,,,,,,2023,3,Quinta,22.266666666666666
55,690,8746583799,"Mar 18, 2023, 8:43:23 PM",Caminhada de Aquecimento,Walk,,1297,1.98,145.0,activities/9387451504.tcx.gz,5.384682655334473,1.531031608581543,183.0,,,,,,2023,3,Sabado,21.616666666666667
56,691,8746583823,"Mar 18, 2023, 9:05:16 PM",Corrida na UFPE,Run,,2135,3.48,183.0,activities/9387451570.tcx.gz,5.54064416885376,2.521299362182617,331.0,,,,,,2023,3,Sabado,35.583333333333336
57,692,8766982850,"Mar 20, 2023, 10:01:31 PM",Treino academia,Weight Training,,3765,0.0,124.0,activities/9408787000.tcx.gz,0.0,0.0,336.0,,,,,,2023,3,Segunda,62.75
58,693,8766982901,"Mar 21, 2023, 10:38:39 PM",Bicicleta na academia,Ride,,708,0.0,111.0,activities/9408787047.tcx.gz,0.0,0.0,53.0,,,,,,2023,3,Terca,11.8
59,694,8766982908,"Mar 21, 2023, 9:55:20 PM",Treino academia,Weight Training,,2719,0.0,164.0,activities/9408787023.tcx.gz,0.0,0.0,314.0,,,,,,2023,3,Terca,45.31666666666667
60,695,8766983054,"Mar 22, 2023, 9:51:23 PM",Caminhada na UFPE,Walk,,4310,4.28,130.0,activities/9408787129.tcx.gz,2.457986354827881,0.9931554794311525,388.0,,,,,,2023,3,Quarta,71.83333333333333
61,696,8799453458,"Mar 24, 2023, 9:38:09 PM",Treino academia,Weight Training,,3360,0.0,125.0,activities/9443073978.tcx.gz,0.0,0.0,5.0,,,,,,2023,3,Sexta,56.0
62,697,8799453617,"Mar 25, 2023, 8:23:14 PM",Caminhada de Aquecimento,Walk,,2152,2.05,150.0,activities/9443074090.tcx.gz,2.808178901672364,0.95368492603302,207.0,,,,,,2023,3,Sabado,35.86666666666667
63,698,8799453710,"Mar 25, 2023, 8:46:33 PM",Corrida na UFPE,Run,,2859,5.28,180.0,activities/9443074210.tcx.gz,3.820265531539917,2.8078773021698,375.0,,,,,,2023,3,Sabado,47.65
64,699,8799453757,"Mar 28, 2023, 3:53:15 PM",Treino academia,Weight Training,,2806,0.0,136.0,activities/9443074328.tcx.gz,0.0,0.0,329.0,,,,,,2023,3,Terca,46.766666666666666
65,700,8824943341,"Mar 30, 2023, 10:10:57 PM",Caminhada de Aquecimento,Walk,,1480,0.78,134.0,activities/9469947302.tcx.gz,3.202888965606689,0.5295087695121765,192.0,,,,,,2023,3,Quinta,24.666666666666668
66,701,8824945213,"Mar 30, 2023, 10:35:52 PM",Corrida na UFPE,Run,,2350,4.14,181.0,activities/9469949222.tcx.gz,4.575863838195801,2.4509918689727783,307.0,,,,,,2023,3,Quinta,39.16666666666666
67,702,8824946111,"Apr 1, 2023, 8:44:44 PM",Caminhada de Aquecimento,Walk,,1272,1.83,124.0,activities/9469950251.tcx.gz,11.781240463256836,1.441658854484558,139.0,,,,,,2023,4,Sabado,21.2
68,703,8824947789,"Apr 1, 2023, 9:06:10 PM",Corrida na UFPE,Run,,1786,4.26,188.0,activities/9469952059.tcx.gz,5.286812782287598,2.633952140808105,369.0,,,,,,2023,4,Sabado,29.766666666666666
69,704,8888757895,"Apr 3, 2023, 10:13:54 PM",Treino academia,Weight Training,,3030,0.0,141.0,activities/9537831078.tcx.gz,0.0,0.0,362.0,,,,,,2023,4,Segunda,50.5
70,705,8888758020,"Apr 5, 2023, 10:03:04 PM",Caminhada de Aquecimento,Walk,,1343,2.06,143.0,activities/9537831136.tcx.gz,2.654151678085327,1.537118434906006,197.0,,,,,,2023,4,Quarta,22.383333333333333
71,706,8888758101,"Apr 5, 2023, 10:25:39 PM",Corrida na UFPE,Run,,1880,4.13,189.0,activities/9537831220.tcx.gz,3.604971647262573,2.200824499130249,383.0,,,,,,2023,4,Quarta,31.33333333333333
72,707,8888758124,"Apr 6, 2023, 9:27:36 PM",Treino academia,Weight Training,,2897,0.0,177.0,activities/9537831292.tcx.gz,0.0,0.0,345.0,,,,,,2023,4,Quinta,48.28333333333333
73,708,8888758208,"Apr 10, 2023, 9:29:46 PM",Treino academia,Weight Training,,3051,0.0,162.0,activities/9537831350.tcx.gz,0.0,0.0,403.0,,,,,,2023,4,Segunda,50.85
74,709,8888758219,"Apr 11, 2023, 10:25:06 PM",Caminhada de Aquecimento,Walk,,826,1.02,127.0,activities/9537831420.tcx.gz,0.0,1.2421307563781738,99.0,,,,,,2023,4,Terca,13.766666666666667
75,710,8888758337,"Apr 11, 2023, 10:39:09 PM",Corrida na UFPE,Run,,1143,2.06,171.0,activities/9537831542.tcx.gz,0.0,1.8092738389968872,171.0,,,,,,2023,4,Terca,19.05
76,711,8888758443,"Apr 12, 2023, 10:23:12 PM",Treino academia,Weight Training,,3352,0.0,162.0,activities/9537831616.tcx.gz,0.0,0.0,337.0,,,,,,2023,4,Quarta,55.86666666666667
77,712,8888758548,"Apr 13, 2023, 9:53:34 PM",Caminhada na UFPE,Walk,,4847,4.12,150.0,activities/9537831686.tcx.gz,2.69114089012146,0.8504559397697449,483.0,,,,,,2023,4,Quinta,80.78333333333333
78,713,8972047604,"Apr 14, 2023, 3:35:40 PM",Treino academia,Weight Training,,2208,0.0,134.0,activities/9626302449.tcx.gz,0.0,0.0,235.0,,,,,,2023,4,Sexta,36.8
79,714,8972047699,"Apr 17, 2023, 11:38:55 PM",Corrida na academia,Run,,778,1.35,184.0,activities/9626302596.tcx.gz,0.0,1.735218524932861,176.0,,,,,,2023,4,Segunda,12.966666666666669
80,715,8972047702,"Apr 17, 2023, 10:56:39 PM",Treino academia,Weight Training,,2766,0.0,154.0,activities/9626302537.tcx.gz,0.0,0.0,326.0,,,,,,2023,4,Segunda,46.1
81,716,8972047818,"Apr 18, 2023, 9:41:24 PM",Treino academia,Workout,,2514,0.0,129.0,activities/9626302701.tcx.gz,0.0,0.0,277.0,,,,,,2023,4,Terca,41.9
82,717,8972047937,"Apr 18, 2023, 10:23:37 PM",Corrida na academia,Run,,836,1.41,185.0,activities/9626302812.tcx.gz,0.0,1.6866028308868408,171.0,,,,,,2023,4,Terca,13.933333333333334
83,718,8972048011,"Apr 19, 2023, 9:56:23 PM",Treino academia,Weight Training,,3136,0.0,137.0,activities/9626302874.tcx.gz,0.0,0.0,322.0,,,,,,2023,4,Quarta,52.266666666666666
84,719,8972048173,"Apr 20, 2023, 10:31:45 AM",Caminhada na UFPE,Walk,,1354,1.54,138.0,activities/9626303001.tcx.gz,6.030582427978516,1.1383455991744995,167.0,,,,,,2023,4,Quinta,22.566666666666663
85,720,8972048252,"Apr 22, 2023, 9:49:55 PM",Treino academia,Weight Training,,1351,0.0,153.0,activities/9626303186.tcx.gz,0.0,0.0,187.0,,,,,,2023,4,Sabado,22.516666666666666
86,721,8972048327,"Apr 20, 2023, 10:05:05 PM",Caminhada com corrida (UFPE),Walk,,3539,6.41,180.0,activities/9626303166.tcx.gz,5.666179180145264,1.8114354610443115,520.0,,,,,,2023,4,Quinta,58.98333333333333
87,722,8972048360,"Apr 24, 2023, 10:17:20 PM",Treino academia,Weight Training,,3058,0.0,156.0,activities/9626303258.tcx.gz,0.0,0.0,331.0,,,,,,2023,4,Segunda,50.96666666666667
88,723,8972048363,"Apr 25, 2023, 10:22:11 PM",Treino academia,Weight Training,,2311,0.0,114.0,activities/9626303314.tcx.gz,0.0,0.0,201.0,,,,,,2023,4,Terca,38.516666666666666
89,724,8972048554,"Apr 27, 2023, 10:17:25 PM",Caminhada de Aquecimento,Walk,,917,1.04,140.0,activities/9626303509.tcx.gz,0.0,1.1395856142044067,129.0,,,,,,2023,4,Quinta,15.283333333333331
90,725,8972048600,"Apr 25, 2023, 11:00:59 PM",Corrida na academia,Run,,6825,1.42,168.0,activities/9626303463.tcx.gz,0.0,0.2080586105585098,252.0,,,,,,2023,4,Terca,113.75
91,726,8972048700,"Apr 27, 2023, 10:32:55 PM",Corrida na UFPE,Run,,2178,4.03,190.0,activities/9626303583.tcx.gz,0.0,1.8521579504013064,475.0,,,,,,2023,4,Quinta,36.3
92,727,8993754150,"Apr 30, 2023, 2:53:43 PM",Caminha na chÃÂ¡cara (Palmeira),Walk,,855,0.49,121.0,activities/9649402967.tcx.gz,1.8448070287704468,0.5745473504066467,99.0,,,,,,2023,4,Domingo,14.25
93,728,8993754188,"May 1, 2023, 10:30:21 PM",Caminhada de Aquecimento,Walk,,760,0.43,163.0,activities/9649403007.tcx.gz,3.6687753200531006,0.5645250082015991,132.0,,,,,,2023,5,Segunda,12.666666666666666
94,729,8993754329,"May 1, 2023, 10:43:16 PM",Corrida na UFPE,Run,,3039,5.44,194.0,activities/9649403145.tcx.gz,5.659881114959717,3.1107797622680664,403.0,,,,,,2023,5,Segunda,50.65
95,730,9045205014,"May 2, 2023, 10:50:06 PM",Treino academia,Workout,,2637,0.0,124.0,activities/9703961101.tcx.gz,0.0,0.0,235.0,,,,,,2023,5,Terca,43.95
96,731,9045205228,"May 4, 2023, 10:05:22 PM",Treino academia,Workout,,3459,0.0,122.0,activities/9703961298.tcx.gz,0.0,0.0,332.0,,,,,,2023,5,Quinta,57.65
97,732,9045205418,"May 5, 2023, 3:35:19 PM",Treino academia,Weight Training,,2513,0.0,123.0,activities/9703961503.tcx.gz,0.0,0.0,236.0,,,,,,2023,5,Sexta,41.88333333333333
98,733,9045205700,"May 8, 2023, 10:03:41 PM",Funcional academia,Workout,,4837,0.0,141.0,activities/9703961781.tcx.gz,0.0,0.0,551.0,,,,,,2023,5,Segunda,80.61666666666666
99,734,9051464386,"May 10, 2023, 10:05:02 PM",Caminhada de Aquecimento (Parque Macaxeira),Walk,,1170,1.02,134.0,activities/9710555703.tcx.gz,2.534144163131714,0.8730769157409668,98.0,,,,,,2023,5,Quarta,19.5
100,735,9051482557,"May 10, 2023, 10:16:16 PM",Corrida no Parque Macaxeira,Run,,3297,5.42,189.0,activities/9710574824.tcx.gz,4.038391590118408,2.770749568939209,427.0,,,,,,2023,5,Quarta,54.95
101,736,9081110160,"May 11, 2023, 9:49:29 PM",Afternoon Workout,Workout,,4157,0.0,132.0,activities/9742005330.tcx.gz,0.0,0.0,440.0,,,,,,2023,5,Quinta,69.28333333333333
102,737,9081110351,"May 15, 2023, 10:04:17 PM",Afternoon Workout,Workout,,5616,0.0,154.0,activities/9742005492.tcx.gz,0.0,0.0,602.0,,,,,,2023,5,Segunda,93.6
103,738,9093958395,"May 16, 2023, 10:17:54 PM",Treino academia,Workout,,3401,0.0,125.0,activities/9755565578.tcx.gz,0.0,0.0,346.0,,,,,,2023,5,Terca,56.68333333333333
104,739,9093958526,"May 17, 2023, 10:20:57 PM",Caminhada de Aquecimento,Walk,,1231,1.11,137.0,activities/9755565666.tcx.gz,2.7723774909973145,0.9058245420455932,97.0,,,,,,2023,5,Quarta,20.516666666666666
105,740,9093958705,"May 17, 2023, 10:33:08 PM",Corrida na UFPE,Run,,2825,5.29,183.0,activities/9755565787.tcx.gz,4.29361629486084,2.879424810409546,374.0,,,,,,2023,5,Quarta,47.083333333333336
106,741,9122583704,"May 21, 2023, 3:11:22 PM",Lunch Walk,Walk,,2898,4.31,174.0,activities/9785909611.tcx.gz,2.856611013412476,1.490171194076538,510.0,,,,,,2023,5,Domingo,48.3
107,742,9132013350,"May 23, 2023, 10:19:28 PM",Treino academia,Weight Training,,2905,0.0,137.0,activities/9796845761.tcx.gz,0.0,0.0,305.0,,,,,,2023,5,Terca,48.41666666666666
108,743,9132013359,"May 23, 2023, 11:08:26 PM",Treino rÃÂ¡pido Eliptico,Elliptical,,679,0.97,160.0,activities/9796845813.tcx.gz,0.0,1.4285714626312256,130.0,,,,,,2023,5,Terca,11.316666666666666
109,744,9178041354,"May 24, 2023, 9:59:22 PM",Caminhada de Aquecimento,Walk,,696,1.11,141.0,activities/9847203105.tcx.gz,2.4916083812713623,1.5982040166854858,91.0,,,,,,2023,5,Quarta,11.6
110,745,9178041424,"May 24, 2023, 10:11:06 PM",Corrida na UFPE,Run,,2045,5.06,187.0,activities/9847203173.tcx.gz,3.9047391414642334,2.5406525135040283,485.0,,,,,,2023,5,Quarta,34.083333333333336
111,746,9178041481,"May 26, 2023, 10:01:37 PM",Treino academia,Workout,,3742,0.0,121.0,activities/9847203281.tcx.gz,0.0,0.0,362.0,,,,,,2023,5,Sexta,62.36666666666667
112,747,9178041580,"May 26, 2023, 11:04:41 PM",Corrida na esteira,Run,,1350,2.31,179.0,activities/9847203354.tcx.gz,0.0,1.711111068725586,268.0,,,,,,2023,5,Sexta,22.5
113,748,9178041816,"May 30, 2023, 10:17:55 PM",Treino academia,Weight Training,,2966,0.0,136.0,activities/9847203558.tcx.gz,0.0,0.0,279.0,,,,,,2023,5,Terca,49.43333333333333
114,749,9178041864,"May 28, 2023, 2:16:14 PM",Caminhada no parque Macaxeira,Walk,,3817,4.28,160.0,activities/9847203496.tcx.gz,8.172131538391113,1.1225045919418335,458.0,,,,,,2023,5,Domingo,63.61666666666667
115,750,9181664569,"May 31, 2023, 11:07:09 PM",Treino academia,Weight Training,,332,0.0,122.0,activities/9851015188.tcx.gz,0.0,0.0,29.0,,,,,,2023,5,Quarta,5.533333333333333
116,751,9181664654,"May 31, 2023, 11:13:05 PM",Elliptical na academia (Academia),Elliptical,,630,0.0,166.0,activities/9851015224.tcx.gz,0.0,0.0,128.0,,,,,,2023,5,Quarta,10.5
117,752,9181664891,"May 31, 2023, 11:24:54 PM",Corrida na esteira,Run,,1497,2.27,177.0,activities/9851015376.tcx.gz,0.0,1.5163661241531372,232.0,,,,,,2023,5,Quarta,24.95
118,753,9212991839,"Jun 5, 2023, 10:41:57 PM",Treino academia,Weight Training,,2926,0.0,126.0,activities/9884155960.tcx.gz,0.0,0.0,309.0,,,,,,2023,6,Segunda,48.766666666666666
119,754,9212991929,"Jun 5, 2023, 11:31:05 PM",Corrida na esteira,Run,,1046,1.77,181.0,activities/9884155990.tcx.gz,0.0,1.6921606063842771,219.0,,,,,,2023,6,Segunda,17.433333333333334
120,755,9216990425,"Jun 6, 2023, 10:35:50 PM",Caminhada de Aquecimento,Walk,,955,1.11,142.0,activities/9888355869.tcx.gz,2.5848207473754883,1.1663141250610352,108.0,,,,,,2023,6,Terca,15.916666666666666
121,756,9216990592,"Jun 6, 2023, 10:47:43 PM",Corrida na UFPE,Run,,2838,5.04,191.0,activities/9888355970.tcx.gz,4.600333690643311,2.4530978202819824,461.0,,,,,,2023,6,Terca,47.3
122,757,9251083780,"Jun 7, 2023, 10:06:26 PM",Treino funcional,Workout,,4088,0.0,174.0,activities/9924390534.tcx.gz,0.0,0.0,443.0,,,,,,2023,6,Quarta,68.13333333333334
123,758,9251083858,"Jun 9, 2023, 8:42:17 PM",Treino academia,Weight Training,,2095,0.0,125.0,activities/9924390601.tcx.gz,0.0,0.0,211.0,,,,,,2023,6,Sexta,34.916666666666664
124,759,9251083948,"Jun 9, 2023, 9:17:34 PM",Treino rÃÂ¡pido Eliptico,Elliptical,,770,0.0,167.0,activities/9924390657.tcx.gz,0.0,0.0,152.0,,,,,,2023,6,Sexta,12.833333333333334
125,760,9251084098,"Jun 10, 2023, 9:59:02 PM",Caminhada na UFPE,Walk,,2283,3.48,172.0,activities/9924390776.tcx.gz,2.846726894378662,1.5244897603988647,369.0,,,,,,2023,6,Sabado,38.05
126,761,9264105150,"Jun 13, 2023, 9:51:10 PM",Caminhada de Aquecimento,Walk,,1282,2.03,132.0,activities/9938099095.tcx.gz,5.458802223205566,1.583689570426941,154.0,,,,,,2023,6,Terca,21.366666666666667
127,762,9264105262,"Jun 13, 2023, 10:12:44 PM",Corrida na UFPE,Run,,3178,5.29,179.0,activities/9938099178.tcx.gz,6.681509017944336,2.628437757492065,425.0,,,,,,2023,6,Terca,52.96666666666667
128,763,9264105335,"Jun 13, 2023, 10:49:04 PM",Caminhada de relaxamento,Walk,,1084,1.15,173.0,activities/9938099241.tcx.gz,2.4368772506713867,1.0629520416259766,166.0,,,,,,2023,6,Terca,18.066666666666663
129,764,9276252428,"Jun 15, 2023, 9:53:32 PM",Caminhada de Aquecimento,Walk,,1391,1.77,134.0,activities/9950908082.tcx.gz,3.1676266193389893,1.2743924856185913,152.0,,,,,,2023,6,Quinta,23.183333333333334
130,765,9276264689,"Jun 15, 2023, 10:12:39 PM",Corrida na UFPE,Run,,3919,5.85,187.0,activities/9950921032.tcx.gz,3.83046817779541,2.6791491508483887,481.0,,,,,,2023,6,Quinta,65.31666666666666
131,766,9276264747,"Jun 15, 2023, 10:52:49 PM",Caminhada de relaxamento,Walk,,1410,0.98,179.0,activities/9950921075.tcx.gz,6.325181007385254,0.6950723528862,138.0,,,,,,2023,6,Quinta,23.5
132,767,9297232283,"Jun 17, 2023, 10:01:09 PM",Caminhada de Aquecimento,Walk,,609,1.0,135.0,activities/9973157704.tcx.gz,2.4704830646514893,1.6530048847198486,93.0,,,,,,2023,6,Sabado,10.15
133,768,9297232467,"Jun 17, 2023, 10:53:27 PM",Caminhada de relaxamento,Walk,,755,1.1,166.0,activities/9973157908.tcx.gz,3.855506420135498,1.4567549228668213,120.0,,,,,,2023,6,Sabado,12.583333333333334
134,769,9297232508,"Jun 17, 2023, 10:11:26 PM",Corrida na UFPE,Run,,3263,6.14,188.0,activities/9973157854.tcx.gz,4.579308986663818,2.597187757492065,486.0,,,,,,2023,6,Sabado,54.38333333333333
135,770,9349986298,"Jun 25, 2023, 2:48:30 PM",Caminhada de domingo,Walk,,2197,3.13,144.0,activities/10029107400.tcx.gz,6.601537227630615,1.4255712032318115,294.0,,,,,,2023,6,Domingo,36.61666666666667
136,771,9386455387,"Jun 29, 2023, 11:18:19 PM",Treino academia,Workout,,3022,0.0,125.0,activities/10068135165.tcx.gz,0.0,0.0,274.0,,,,,,2023,6,Quinta,50.36666666666667
137,772,9386455461,"Jun 30, 2023, 12:04:47 AM",Corrida na esteira,Run,,744,1.11,184.0,activities/10068135268.tcx.gz,0.0,1.4919354915618896,167.0,,,,,,2023,6,Sexta,12.4
138,773,9386455574,"Jul 3, 2023, 9:51:10 PM",Treino funcional,Workout,,1526,0.0,127.0,activities/10068135363.tcx.gz,0.0,0.0,144.0,,,,,,2023,7,Segunda,25.433333333333334
139,774,9386455660,"Jul 3, 2023, 10:17:11 PM",Treino funcional,Workout,,1032,0.0,119.0,activities/10068135446.tcx.gz,0.0,0.0,82.0,,,,,,2023,7,Segunda,17.2
140,775,9386455756,"Jul 3, 2023, 10:34:58 PM",Treino funcional,Workout,,1787,0.0,135.0,activities/10068135566.tcx.gz,0.0,0.0,167.0,,,,,,2023,7,Segunda,29.78333333333333
141,776,9405609010,"Jul 4, 2023, 10:33:05 PM",Corrida rÃÂ¡pida na UFPE,Run,,1433,3.28,194.0,activities/10088283714.tcx.gz,3.6661903858184814,2.6844818592071533,294.0,,,,,,2023,7,Terca,23.883333333333333
142,777,9405609047,"Jul 4, 2023, 10:21:59 PM",Caminhada de Aquecimento,Walk,,658,1.04,144.0,activities/10088283586.tcx.gz,3.899316072463989,1.5938754081726074,98.0,,,,,,2023,7,Terca,10.966666666666669
143,778,9405609161,"Jul 6, 2023, 11:27:57 PM",Corrida na UFPE,Run,,1913,4.34,189.0,activities/10088284044.tcx.gz,3.793663740158081,2.271019458770752,402.0,,,,,,2023,7,Quinta,31.883333333333333
144,779,9405609224,"Jul 4, 2023, 10:57:09 PM",Caminhada de relaxamento,Walk,,928,1.03,135.0,activities/10088283822.tcx.gz,2.8921828269958496,1.1124999523162842,97.0,,,,,,2023,7,Terca,15.466666666666669
145,780,9405609663,"Jul 6, 2023, 10:56:05 PM",Caminhada de Aquecimento,Walk,,2409,3.12,146.0,activities/10088283921.tcx.gz,5.542632102966309,1.2948609590530396,276.0,,,,,,2023,7,Quinta,40.15
146,781,9450749061,"Jul 10, 2023, 9:50:20 PM",Treino funcional,Workout,,4266,0.0,171.0,activities/10135925799.tcx.gz,0.0,0.0,568.0,,,,,,2023,7,Segunda,71.1
147,782,9450749066,"Jul 7, 2023, 10:02:44 PM",Treino funcional,Workout,,3883,0.0,182.0,activities/10135925721.tcx.gz,0.0,0.0,497.0,,,,,,2023,7,Sexta,64.71666666666667
148,783,9450749151,"Jul 12, 2023, 10:03:57 PM",Treino funcional,Workout,,3696,0.0,166.0,activities/10135925841.tcx.gz,0.0,0.0,438.0,,,,,,2023,7,Quarta,61.6
149,784,9450749360,"Jul 13, 2023, 9:27:10 PM",Caminhada na UFPE,Walk,,3312,5.08,153.0,activities/10135925987.tcx.gz,3.352715015411377,1.5352928638458252,461.0,,,,,,2023,7,Quinta,55.2
150,785,9471445372,"Jul 17, 2023, 10:10:58 PM",Funcional academia,Workout,,3661,0.0,171.0,activities/10157854589.tcx.gz,0.0,0.0,459.0,,,,,,2023,7,Segunda,61.016666666666666
151,786,9524952921,"Jul 18, 2023, 10:34:27 PM",Caminhada de Aquecimento,Walk,,1249,2.01,134.0,activities/10214397184.tcx.gz,3.243369579315185,1.6148698329925537,150.0,,,,,,2023,7,Terca,20.816666666666663
152,787,9524952924,"Jul 18, 2023, 10:55:27 PM",Corrida rÃÂ¡pida na UFPE,Run,,1204,3.15,179.0,activities/10214397262.tcx.gz,6.386861324310303,3.108210802078247,217.0,,,,,,2023,7,Terca,20.066666666666663
153,788,9524952991,"Jul 18, 2023, 11:15:51 PM",Caminhada de relaxamento,Walk,,656,1.06,177.0,activities/10214397329.tcx.gz,4.489377498626709,1.6174182891845703,136.0,,,,,,2023,7,Terca,10.933333333333334
154,789,9524953109,"Jul 19, 2023, 10:13:42 PM",Treino funcional,Workout,,4333,0.0,162.0,activities/10214397414.tcx.gz,0.0,0.0,602.0,,,,,,2023,7,Quarta,72.21666666666667
155,790,9531041170,"Jul 21, 2023, 10:16:18 PM",Caminhada de Aquecimento,Walk,,1771,2.03,139.0,activities/10220796976.tcx.gz,4.315590858459473,1.1472444534301758,184.0,,,,,,2023,7,Sexta,29.516666666666666
156,791,9531041268,"Jul 21, 2023, 10:37:30 PM",Corrida na UFPE,Run,,1463,3.19,133.0,activities/10220797074.tcx.gz,4.157652854919434,3.14334487915039,147.0,,,,,,2023,7,Sexta,24.383333333333333
157,792,9531041392,"Jul 21, 2023, 10:58:03 PM",Caminhada de relaxamento,Walk,,972,1.13,133.0,activities/10220797229.tcx.gz,3.1415395736694336,1.170637845993042,99.0,,,,,,2023,7,Sexta,16.2
158,793,9531041586,"Jul 24, 2023, 11:18:48 PM",Bicicleta na academia,Ride,,2089,0.0,122.0,activities/10220797519.tcx.gz,0.0,0.0,174.0,,,,,,2023,7,Segunda,34.81666666666667
159,794,9531041590,"Jul 24, 2023, 10:24:04 PM",Funcional academia,Workout,,3262,0.0,115.0,activities/10220797371.tcx.gz,0.0,0.0,282.0,,,,,,2023,7,Segunda,54.36666666666667
160,795,9531041736,"Jul 25, 2023, 10:10:11 PM",Caminhada de Aquecimento,Walk,,1656,1.58,128.0,activities/10220797632.tcx.gz,16.2753963470459,0.9588285088539124,147.0,,,,,,2023,7,Terca,27.6
161,796,9531042018,"Jul 25, 2023, 10:36:47 PM",Corrida na UFPE,Run,,2829,5.82,180.0,activities/10220797787.tcx.gz,20.529756546020508,3.085879325866699,379.0,,,,,,2023,7,Terca,47.15
162,797,9531044739,"Jul 26, 2023, 10:02:25 PM",Funcional academia,Workout,,4287,0.0,144.0,activities/10220800906.tcx.gz,0.0,0.0,490.0,,,,,,2023,7,Quarta,71.45
163,798,9539213452,"Jul 27, 2023, 10:35:53 PM",Caminhada de Aquecimento,Walk,,1273,2.0,158.0,activities/10229412422.tcx.gz,2.5468685626983643,1.5722545385360718,182.0,,,,,,2023,7,Quinta,21.216666666666665
164,799,9539213532,"Jul 27, 2023, 11:27:48 PM",Caminhada de relaxamento,Walk,,449,0.7,170.0,activities/10229412536.tcx.gz,2.722585916519165,1.5710111856460571,94.0,,,,,,2023,7,Quinta,7.483333333333333
165,800,9539213578,"Jul 27, 2023, 10:57:16 PM",Corrida na UFPE,Run,,1809,4.51,199.0,activities/10229412523.tcx.gz,7.252461910247803,3.1102888584136963,346.0,,,,,,2023,7,Quinta,30.15
166,801,9559012143,"Jul 31, 2023, 9:41:08 PM",Funcional academia,Workout,,5308,0.0,144.0,activities/10250325490.tcx.gz,0.0,0.0,604.0,,,,,,2023,7,Segunda,88.46666666666667
167,802,9572462516,"Aug 2, 2023, 10:03:31 PM",Funcional academia,Workout,,3805,0.0,143.0,activities/10264635365.tcx.gz,0.0,0.0,441.0,,,,,,2023,8,Quarta,63.41666666666666
168,803,9590447014,"Aug 3, 2023, 9:53:39 PM",Caminhada de Aquecimento,Walk,,692,1.04,129.0,activities/10283643465.tcx.gz,3.23614239692688,1.5050578117370603,78.0,,,,,,2023,8,Quinta,11.533333333333331
169,804,9590447230,"Aug 3, 2023, 10:05:19 PM",Corrida na UFPE,Run,,2110,5.01,184.0,activities/10283643614.tcx.gz,3.69462513923645,2.434820890426636,459.0,,,,,,2023,8,Quinta,35.166666666666664
170,805,9590447249,"Aug 3, 2023, 10:40:48 PM",Caminhada de relaxamento,Walk,,544,0.72,173.0,activities/10283643696.tcx.gz,1.9934202432632449,1.333760142326355,109.0,,,,,,2023,8,Quinta,9.066666666666666
171,806,9590447391,"Aug 5, 2023, 7:43:54 PM",Corrida na UFPE,Run,,4860,10.02,186.0,activities/10283643807.tcx.gz,4.879212856292725,2.37907075881958,807.0,,,,,,2023,8,Sabado,81.0
172,807,9606401071,"Aug 7, 2023, 10:06:09 PM",Treino funcional P1,Workout,,1244,0.0,126.0,activities/10300477212.tcx.gz,0.0,0.0,119.0,,,,,,2023,8,Segunda,20.73333333333333
173,808,9606401337,"Aug 7, 2023, 10:27:30 PM",Treino funcional P2,Workout,,5478,3.04,146.0,activities/10300477423.tcx.gz,3.3399999141693115,1.4476258754730225,335.0,,,,,,2023,8,Segunda,91.3
174,809,9613165284,"Aug 8, 2023, 10:44:35 PM",Treino academia,Workout,,4278,0.0,172.0,activities/10307609292.tcx.gz,0.0,0.0,528.0,,,,,,2023,8,Terca,71.3
175,810,9619508772,"Aug 9, 2023, 10:32:05 PM",Caminhada de Aquecimento,Walk,,642,0.99,136.0,activities/10314334079.tcx.gz,2.663045644760132,1.5495747327804563,91.0,,,,,,2023,8,Quarta,10.7
176,811,9619509022,"Aug 9, 2023, 10:43:04 PM",Corrida na UFPE,Run,,2502,6.19,181.0,activities/10314334267.tcx.gz,3.7758405208587646,2.725341558456421,512.0,,,,,,2023,8,Quarta,41.7
177,812,9642123604,"Aug 13, 2023, 6:55:14 PM",Caminhada de Aquecimento,Walk,,511,0.8,126.0,activities/10338225901.tcx.gz,2.598320960998535,1.5649001598358154,54.0,,,,,,2023,8,Domingo,8.516666666666667
178,813,9642123606,"Aug 11, 2023, 10:03:18 PM",Funcional academia,Workout,,3687,0.0,175.0,activities/10338225881.tcx.gz,0.0,0.0,467.0,,,,,,2023,8,Sexta,61.45
179,814,9642123855,"Aug 13, 2023, 7:03:52 PM",Corrida na UFPE,Run,,5382,10.03,183.0,activities/10338226022.tcx.gz,4.149762630462647,2.375985622406006,976.0,,,,,,2023,8,Domingo,89.7
180,815,9655128186,"Aug 14, 2023, 10:05:44 PM",Treino funcional,Workout,,3986,0.0,153.0,activities/10351889365.tcx.gz,0.0,0.0,492.0,,,,,,2023,8,Segunda,66.43333333333334
181,816,9659744942,"Aug 15, 2023, 10:14:00 PM",Afternoon Workout,Workout,,4063,0.0,135.0,activities/10356750461.tcx.gz,0.0,0.0,377.0,,,,,,2023,8,Terca,67.71666666666667
182,817,9666182945,"Aug 16, 2023, 10:10:20 PM",Afternoon Workout,Workout,,1493,0.0,147.0,activities/10363528890.tcx.gz,0.0,0.0,186.0,,,,,,2023,8,Quarta,24.883333333333333
183,818,9666182952,"Aug 16, 2023, 10:36:05 PM",Afternoon Workout,Workout,,1610,0.0,135.0,activities/10363528936.tcx.gz,0.0,0.0,190.0,,,,,,2023,8,Quarta,26.83333333333333
184,819,9698039460,"Aug 21, 2023, 10:32:59 PM",Afternoon Workout,Workout,,3646,0.0,159.0,activities/10397771060.tcx.gz,0.0,0.0,420.0,,,,,,2023,8,Segunda,60.766666666666666
185,820,9711640228,"Aug 23, 2023, 9:57:00 PM",Afternoon Workout,Workout,,4904,0.0,163.0,activities/10412169452.tcx.gz,0.0,0.0,488.0,,,,,,2023,8,Quarta,81.73333333333333
186,821,9717409809,"Aug 24, 2023, 10:12:01 PM",Caminhada de Aquecimento,Walk,,693,1.07,140.0,activities/10418267579.tcx.gz,2.760691404342652,1.5426983833312988,100.0,,,,,,2023,8,Quinta,11.55
187,822,9717410121,"Aug 24, 2023, 10:23:52 PM",Corrida na UFPE,Run,,2116,5.01,187.0,activities/10418267830.tcx.gz,6.694500923156738,2.478565216064453,475.0,,,,,,2023,8,Quinta,35.266666666666666
188,823,9746762849,"Aug 28, 2023, 10:36:39 PM",Caminhada de Aquecimento,Walk,,623,1.01,133.0,activities/10449281194.tcx.gz,2.7758865356445312,1.6287158727645874,90.0,,,,,,2023,8,Segunda,10.383333333333333
189,824,9746762957,"Aug 28, 2023, 10:47:11 PM",Corrida na UFPE,Run,,2411,6.02,179.0,activities/10449281274.tcx.gz,3.680264949798584,2.5187838077545166,475.0,,,,,,2023,8,Segunda,40.18333333333333
190,825,9746763971,"Aug 29, 2023, 10:11:07 PM",Treino academia,Weight Training,,3227,0.0,130.0,activities/10449282364.tcx.gz,0.0,0.0,338.0,,,,,,2023,8,Terca,53.78333333333333
191,826,9752814189,"Aug 30, 2023, 10:23:59 PM",Caminhada de Aquecimento,Walk,,923,1.01,137.0,activities/10455789977.tcx.gz,2.826637029647827,1.1004875898361206,91.0,,,,,,2023,8,Quarta,15.383333333333333
192,827,9752814318,"Aug 30, 2023, 10:35:18 PM",Corrida na UFPE,Run,,2887,6.03,184.0,activities/10455790072.tcx.gz,5.542449951171875,2.55102014541626,571.0,,,,,,2023,8,Quarta,48.11666666666667
193,828,9759627195,"Aug 31, 2023, 10:05:01 PM",Treino academia,Weight Training,,3095,0.0,122.0,activities/10463006214.tcx.gz,0.0,0.0,281.0,,,,,,2023,8,Quinta,51.583333333333336
194,829,9771437896,"Sep 2, 2023, 8:02:00 PM",Corrida na UFPE,Run,,4197,10.08,183.0,activities/10475544584.tcx.gz,6.50191068649292,2.503467559814453,908.0,,,,,,2023,9,Sabado,69.95
195,830,9783296246,"Sep 3, 2023, 2:17:16 PM",Pedalada na UFPE com Laura e Davi,Ride,,4215,9.61,144.0,activities/10488130425.tcx.gz,5.928964614868164,2.895332098007202,462.0,,,,,,2023,9,Domingo,70.25
196,831,9792070786,"Sep 5, 2023, 10:07:15 PM",Treino academia,Weight Training,,2905,0.0,125.0,activities/10497335177.tcx.gz,0.0,0.0,282.0,,,,,,2023,9,Terca,48.41666666666666
197,832,9792070890,"Sep 5, 2023, 10:56:02 PM",Corrida na esteira,Run,,961,1.42,181.0,activities/10497335265.tcx.gz,0.0,1.477627515792847,205.0,,,,,,2023,9,Terca,16.016666666666666
198,833,9805517591,"Sep 7, 2023, 8:37:28 PM",Caminhada de Aquecimento,Walk,,612,1.0,131.0,activities/10511462581.tcx.gz,3.190525531768799,1.6456862688064575,79.0,,,,,,2023,9,Quinta,10.2
199,834,9805519975,"Sep 7, 2023, 8:47:49 PM",Corrida na UFPE,Run,,2581,6.0,180.0,activities/10511465094.tcx.gz,3.776620864868164,2.602497339248657,521.0,,,,,,2023,9,Quinta,43.016666666666666
200,835,9831535837,"Sep 11, 2023, 10:01:55 PM",Treino funcional,Workout,,3700,0.0,176.0,activities/10538915160.tcx.gz,0.0,0.0,468.0,,,,,,2023,9,Segunda,61.66666666666666
201,836,9831535852,"Sep 10, 2023, 3:48:06 PM",Caminhada na UFPE com a famÃÂ­lia,Walk,,1266,1.21,137.0,activities/10538915141.tcx.gz,3.139841318130493,0.959707736968994,127.0,,,,,,2023,9,Domingo,21.1
202,837,9845108087,"Sep 12, 2023, 10:06:18 PM",Caminhada de Aquecimento,Walk,,645,1.04,143.0,activities/10553141461.tcx.gz,2.4414479732513428,1.6157292127609253,95.0,,,,,,2023,9,Terca,10.75
203,838,9845108273,"Sep 12, 2023, 10:17:11 PM",Corrida na UFPE,Run,,2409,5.4,180.0,activities/10553141627.tcx.gz,4.079343795776367,2.63982892036438,431.0,,,,,,2023,9,Terca,40.15
204,839,9845108350,"Sep 12, 2023, 10:53:37 PM",Caminhada de relaxamento,Walk,,452,0.66,160.0,activities/10553141765.tcx.gz,2.2957608699798584,1.466774344444275,74.0,,,,,,2023,9,Terca,7.533333333333333
205,840,9847468523,"Sep 13, 2023, 10:04:25 PM",Treino funcional,Workout,,3962,0.0,153.0,activities/10555648464.tcx.gz,0.0,0.0,502.0,,,,,,2023,9,Quarta,66.03333333333333
206,841,9851037695,"Sep 14, 2023, 10:36:09 PM",Caminhada de Aquecimento,Walk,,654,1.01,145.0,activities/10559338703.tcx.gz,4.686297416687012,1.5535780191421509,95.0,,,,,,2023,9,Quinta,10.9
207,842,9851038070,"Sep 14, 2023, 10:47:11 PM",Corrida na UFPE,Run,,2634,6.02,187.0,activities/10559339012.tcx.gz,4.938266754150391,2.554203748703003,543.0,,,,,,2023,9,Quinta,43.9
208,843,9883471623,"Sep 18, 2023, 10:24:07 PM",Treino academia,Workout,,3533,0.0,119.0,activities/10593381862.tcx.gz,0.0,0.0,328.0,,,,,,2023,9,Segunda,58.88333333333333
209,844,9883471661,"Sep 19, 2023, 9:57:49 PM",Caminhada de Aquecimento,Walk,,656,1.01,129.0,activities/10593381914.tcx.gz,2.362086296081543,1.5444512367248535,86.0,,,,,,2023,9,Terca,10.933333333333334
210,845,9883471830,"Sep 19, 2023, 10:08:52 PM",Corrida na UFPE,Run,,2298,6.01,183.0,activities/10593382008.tcx.gz,7.424354553222656,2.616864919662476,524.0,,,,,,2023,9,Terca,38.3
211,846,9895846817,"Sep 21, 2023, 10:08:51 PM",Caminhada de Aquecimento,Walk,,661,1.04,129.0,activities/10606303298.tcx.gz,3.0638468265533447,1.5767652988433838,81.0,,,,,,2023,9,Quinta,11.016666666666667
212,847,9895846930,"Sep 21, 2023, 10:20:01 PM",Corrida na UFPE,Run,,2262,6.01,191.0,activities/10606303379.tcx.gz,5.944931983947754,2.6782643795013428,549.0,,,,,,2023,9,Quinta,37.7
213,848,9918158104,"Sep 22, 2023, 9:42:08 PM",Treino funcional,Workout,,4930,0.0,171.0,activities/10629804739.tcx.gz,0.0,0.0,714.0,,,,,,2023,9,Sexta,82.16666666666667
214,849,9918158793,"Sep 24, 2023, 2:22:46 PM",Pedalada na UFPE com Laura e famÃÂ­lia (e depois Ari Brito),Ride,,11263,28.4,133.0,activities/10629805138.tcx.gz,7.374410152435303,3.295607805252075,1102.0,,,,,,2023,9,Domingo,187.71666666666667
215,850,9921109417,"Sep 25, 2023, 10:34:06 PM",Caminhada de Aquecimento,Walk,,834,1.38,133.0,activities/10632894099.tcx.gz,8.361551284790039,1.6630113124847412,110.0,,,,,,2023,9,Segunda,13.9
216,851,9921109592,"Sep 25, 2023, 10:48:08 PM",Corrida na UFPE,Run,,1812,5.05,184.0,activities/10632894266.tcx.gz,10.72703742980957,2.8731677532196045,348.0,,,,,,2023,9,Segunda,30.2
217,852,9942727574,"Sep 28, 2023, 10:10:27 PM",Treino academia,Workout,,3258,0.0,122.0,activities/10655485943.tcx.gz,0.0,0.0,289.0,,,,,,2023,9,Quinta,54.3
218,853,9942727647,"Sep 28, 2023, 11:05:06 PM",Corrida na esteira,Run,,1587,1.24,179.0,activities/10655485985.tcx.gz,0.0,0.781348466873169,347.0,,,,,,2023,9,Quinta,26.45
219,854,9969789409,"Oct 2, 2023, 10:02:02 PM",Treino funcional,Workout,,4186,0.0,148.0,activities/10683909296.tcx.gz,0.0,0.0,378.0,,,,,,2023,10,Segunda,69.76666666666667
220,855,9969789452,"Sep 30, 2023, 9:18:39 PM",Caminhada com Breno e Bernardo na UFPE,Walk,,3216,4.8,158.0,activities/10683909190.tcx.gz,6.222625255584717,1.4948569536209106,535.0,,,,,,2023,9,Sabado,53.6
221,856,9978502252,"Oct 4, 2023, 10:31:14 PM",Caminhada de Aquecimento,Walk,,1321,2.02,148.0,activities/10692967205.tcx.gz,2.5835747718811035,1.5287736654281616,205.0,,,,,,2023,10,Quarta,22.016666666666666
222,857,9978503371,"Oct 4, 2023, 10:54:42 PM",Corrida na UFPE,Run,,3575,6.03,191.0,activities/10692968408.tcx.gz,6.371293067932129,2.6508355140686035,536.0,,,,,,2023,10,Quarta,59.583333333333336
223,858,10012135421,"Oct 5, 2023, 10:20:34 PM",Afternoon Workout,Workout,,3711,0.0,189.0,activities/10728070496.tcx.gz,0.0,0.0,538.0,,,,,,2023,10,Quinta,61.85
224,859,10012135570,"Oct 6, 2023, 9:33:07 PM",Treino funcional,Workout,,4578,0.0,173.0,activities/10728070616.tcx.gz,0.0,0.0,532.0,,,,,,2023,10,Sexta,76.3
225,860,10012135600,"Oct 6, 2023, 10:45:40 PM",Treino funcional,Workout,,1193,0.0,130.0,activities/10728070662.tcx.gz,0.0,0.0,116.0,,,,,,2023,10,Sexta,19.883333333333333
226,861,10012135732,"Oct 9, 2023, 10:06:54 PM",Treino funcional,Workout,,5034,0.0,141.0,activities/10728070795.tcx.gz,0.0,0.0,564.0,,,,,,2023,10,Segunda,83.9
227,862,10021087233,"Oct 10, 2023, 10:48:44 PM",Caminhada de Aquecimento,Walk,,1227,1.04,156.0,activities/10737322135.tcx.gz,2.68770694732666,0.8544906377792358,110.0,,,,,,2023,10,Terca,20.45
228,863,10021087885,"Oct 10, 2023, 11:01:20 PM",Corrida na UFPE,Run,,2408,4.98,199.0,activities/10737322813.tcx.gz,5.186217308044434,2.670165538787842,457.0,,,,,,2023,10,Terca,40.13333333333333
229,864,10052184188,"Oct 16, 2023, 10:54:21 PM",Treino academia,Workout,,3130,0.0,177.0,activities/10769690450.tcx.gz,0.0,0.0,393.0,,,,,,2023,10,Segunda,52.16666666666666
230,865,10061083125,"Oct 17, 2023, 10:27:27 PM",Caminhada de Aquecimento,Walk,,913,1.42,133.0,activities/10778949171.tcx.gz,8.48421573638916,1.554326415061951,129.0,,,,,,2023,10,Terca,15.216666666666669
231,866,10061083438,"Oct 17, 2023, 10:43:52 PM",Corrida na UFPE,Run,,2333,6.0,186.0,activities/10778949390.tcx.gz,6.076906681060791,2.5941357612609863,528.0,,,,,,2023,10,Terca,38.88333333333333
232,867,10067247289,"Oct 18, 2023, 9:51:56 PM",Treino academia,Workout,,4576,0.0,154.0,activities/10785336516.tcx.gz,0.0,0.0,549.0,,,,,,2023,10,Quarta,76.26666666666667
233,868,10110662526,"Oct 20, 2023, 10:38:25 PM",Treino academia,Weight Training,,4165,0.0,145.0,activities/10830531567.tcx.gz,0.0,0.0,468.0,,,,,,2023,10,Sexta,69.41666666666667
234,869,10110662644,"Oct 22, 2023, 2:14:50 PM",Caminhada na UFPE com a famÃÂ­lia,Walk,,2771,2.94,160.0,activities/10830531642.tcx.gz,3.594231128692627,1.0622951984405518,374.0,,,,,,2023,10,Domingo,46.18333333333333
235,870,10110662677,"Oct 25, 2023, 10:03:19 PM",Treino funcional,Workout,,4215,0.0,156.0,activities/10830531741.tcx.gz,0.0,0.0,513.0,,,,,,2023,10,Quarta,70.25
236,871,10110662737,"Oct 26, 2023, 9:48:46 PM",Caminhada de Aquecimento,Walk,,1867,2.05,142.0,activities/10830531798.tcx.gz,0.0,1.0996251106262207,274.0,,,,,,2023,10,Quinta,31.116666666666667
237,872,10110662847,"Oct 26, 2023, 10:20:16 PM",Corrida na UFPE,Run,,2297,3.78,184.0,activities/10830531853.tcx.gz,7.386132717132568,2.463130235671997,548.0,,,,,,2023,10,Quinta,38.28333333333333
238,873,10145501030,"Oct 30, 2023, 11:16:04 PM",Treino academia,Weight Training,,5300,0.0,135.0,activities/10867067539.tcx.gz,0.0,0.0,575.0,,,,,,2023,10,Segunda,88.33333333333333
239,874,10145501110,"Nov 1, 2023, 10:43:28 PM",Caminhada de Aquecimento,Walk,,1289,2.06,131.0,activities/10867067611.tcx.gz,5.220720291137695,1.5980993509292605,173.0,,,,,,2023,11,Quarta,21.48333333333333
240,875,10145501271,"Nov 1, 2023, 11:06:15 PM",Corrida na UFPE,Run,,2471,6.01,196.0,activities/10867067751.tcx.gz,4.027859687805176,2.4588160514831543,576.0,,,,,,2023,11,Quarta,41.18333333333333
241,876,10171048097,"Nov 3, 2023, 10:41:03 PM",Treino academia,Weight Training,,4374,0.0,162.0,activities/10893943718.tcx.gz,0.0,0.0,512.0,,,,,,2023,11,Sexta,72.9
242,877,10171048134,"Nov 2, 2023, 1:25:05 PM",Pedalada na UFPE,Ride,,5589,10.15,134.0,activities/10893943651.tcx.gz,6.769113063812256,2.683802843093872,604.0,,,,,,2023,11,Quinta,93.15
243,878,10181835938,"Nov 6, 2023, 10:14:37 PM",Treino funcional,Workout,,3130,0.0,,activities/10905132686.tcx.gz,0.0,0.0,412.0,,,,,,2023,11,Segunda,52.16666666666666
244,879,10181836096,"Nov 7, 2023, 10:43:33 PM",Caminhada de Aquecimento,Walk,,829,1.76,118.0,activities/10905132862.tcx.gz,2.9120655059814453,2.1224849224090576,212.0,,,,,,2023,11,Terca,13.816666666666666
245,880,10181836394,"Nov 7, 2023, 11:05:15 PM",Corrida na UFPE,Run,,2195,5.0,192.0,activities/10905133137.tcx.gz,3.8070807456970215,2.69683051109314,454.0,,,,,,2023,11,Terca,36.583333333333336
246,881,10193500982,"Nov 9, 2023, 10:11:46 PM",Caminhada de Aquecimento,Walk,,982,1.5,126.0,activities/10917195757.tcx.gz,3.4707701206207275,1.5278100967407229,114.0,,,,,,2023,11,Quinta,16.366666666666667
247,882,10193501033,"Nov 9, 2023, 10:28:25 PM",Corrida na UFPE,Run,,2184,5.03,183.0,activities/10917195890.tcx.gz,3.6897032260894775,2.62546443939209,430.0,,,,,,2023,11,Quinta,36.4
248,883,10228108330,"Nov 10, 2023, 10:43:34 PM",Treino academia,Weight Training,,4253,0.0,146.0,activities/10953142812.tcx.gz,0.0,0.0,526.0,,,,,,2023,11,Sexta,70.88333333333334
249,884,10228108420,"Nov 13, 2023, 11:00:11 PM",Treino academia,Weight Training,,3769,0.0,152.0,activities/10953142891.tcx.gz,0.0,0.0,391.0,,,,,,2023,11,Segunda,62.81666666666667
250,885,10228116305,"Nov 15, 2023, 9:40:33 PM",Corrida na UFPE,Run,,2929,5.07,168.0,activities/10953151235.tcx.gz,4.976845741271973,2.711589336395264,317.0,,,,,,2023,11,Quarta,48.81666666666667
251,886,10239569917,"Nov 17, 2023, 10:54:06 PM",Caminhada de Aquecimento,Walk,,765,1.22,128.0,activities/10965036871.tcx.gz,4.844335556030273,1.5970115661621094,93.0,,,,,,2023,11,Sexta,12.75
252,887,10239569979,"Nov 17, 2023, 11:07:04 PM",Corrida rÃÂ¡pida na UFPE,Run,,1897,3.03,189.0,activities/10965036979.tcx.gz,3.977436065673828,2.746778011322021,268.0,,,,,,2023,11,Sexta,31.616666666666667
253,888,10239570130,"Nov 17, 2023, 11:26:16 PM",Caminhada de relaxamento,Walk,,1046,1.18,158.0,activities/10965037095.tcx.gz,2.358180284500122,1.1336902379989624,137.0,,,,,,2023,11,Sexta,17.433333333333334
254,889,10254389669,"Nov 20, 2023, 11:01:56 PM",Caminhada de Aquecimento,Walk,,1254,2.01,143.0,activities/10980466068.tcx.gz,2.67261290550232,1.6089872121810913,198.0,,,,,,2023,11,Segunda,20.9
255,890,10254389752,"Nov 20, 2023, 11:23:02 PM",Corrida rÃÂ¡pida na UFPE,Run,,2009,4.09,187.0,activities/10980466128.tcx.gz,4.059301376342773,2.7628397941589355,337.0,,,,,,2023,11,Segunda,33.483333333333334
256,891,10269898582,"Nov 21, 2023, 10:31:03 PM",Treino academia,Weight Training,,3286,0.0,119.0,activities/10996595491.tcx.gz,0.0,0.0,292.0,,,,,,2023,11,Terca,54.766666666666666
257,892,10269898852,"Nov 22, 2023, 10:38:59 PM",Caminhada de Aquecimento,Walk,,1296,2.01,147.0,activities/10996595647.tcx.gz,2.412777900695801,1.556751012802124,184.0,,,,,,2023,11,Quarta,21.6
258,893,10269899192,"Nov 22, 2023, 11:00:52 PM",Corrida rÃÂ¡pida na UFPE,Run,,1852,4.11,184.0,activities/10996595969.tcx.gz,4.476527214050293,2.685023784637451,352.0,,,,,,2023,11,Quarta,30.866666666666667
259,894,10269899223,"Nov 22, 2023, 11:27:39 PM",Caminhada de relaxamento,Walk,,597,0.9,169.0,activities/10996596095.tcx.gz,3.0871458053588867,1.5100059509277344,112.0,,,,,,2023,11,Quarta,9.95
260,895,10281559436,"Nov 24, 2023, 10:43:58 PM",Treino academia,Weight Training,,3435,0.0,159.0,activities/11008723010.tcx.gz,0.0,0.0,377.0,,,,,,2023,11,Sexta,57.25
261,896,10281559621,"Nov 25, 2023, 7:04:59 PM",Caminhada com tio Washington,Walk,,2366,3.33,158.0,activities/11008723142.tcx.gz,14.379534721374512,1.408229112625122,322.0,,,,,,2023,11,Sabado,39.43333333333333
262,897,10281559707,"Nov 25, 2023, 8:26:02 PM",Caminhada de Aquecimento,Walk,,1176,1.04,131.0,activities/11008723281.tcx.gz,3.7662856578826895,0.8878401517868042,94.0,,,,,,2023,11,Sabado,19.6
263,898,10281560464,"Nov 25, 2023, 8:37:16 PM",Corrida na UFPE,Run,,2767,5.09,185.0,activities/11008724051.tcx.gz,8.985106468200684,2.598201274871826,428.0,,,,,,2023,11,Sabado,46.11666666666667
264,899,10300904036,"Nov 28, 2023, 11:20:35 PM",Treino academia,Weight Training,,3307,0.0,132.0,activities/11028803440.tcx.gz,0.0,0.0,364.0,,,,,,2023,11,Terca,55.11666666666667
265,900,10337478038,"Nov 29, 2023, 10:26:48 PM",Caminhada de Aquecimento,Walk,,658,1.04,131.0,activities/11066784897.tcx.gz,3.258178472518921,1.5868237018585205,85.0,,,,,,2023,11,Quarta,10.966666666666669
266,901,10337478283,"Nov 29, 2023, 10:38:00 PM",Corrida na UFPE,Run,,2412,6.16,182.0,activities/11066785100.tcx.gz,8.722956657409668,2.6546013355255127,465.0,,,,,,2023,11,Quarta,40.2
267,902,10337478306,"Dec 1, 2023, 11:58:06 PM",Treino academia,Workout,,3323,0.0,159.0,activities/11066785203.tcx.gz,0.0,0.0,437.0,,,,,,2023,12,Sexta,55.38333333333333
268,903,10337478442,"Dec 5, 2023, 10:06:53 PM",Caminhada de Aquecimento,Walk,,751,0.9,143.0,activities/11066785332.tcx.gz,2.4119555950164795,1.2074540853500366,114.0,,,,,,2023,12,Terca,12.516666666666667
269,904,10337478790,"Dec 5, 2023, 10:19:41 PM",Corrida junto com Davi no patinete,Run,,2193,5.01,189.0,activities/11066785626.tcx.gz,3.879341363906861,2.386003017425537,503.0,,,,,,2023,12,Terca,36.55
270,905,10368745392,"Dec 7, 2023, 10:46:47 PM",Caminhada de Aquecimento,Walk,,613,1.01,148.0,activities/11099414582.tcx.gz,6.951762676239014,1.6463295221328735,95.0,,,,,,2023,12,Quinta,10.216666666666669
271,906,10368745518,"Dec 7, 2023, 10:57:07 PM",Corrida na UFPE,Run,,1952,5.01,187.0,activities/11099414677.tcx.gz,4.372976303100586,2.587404251098633,465.0,,,,,,2023,12,Quinta,32.53333333333333
272,907,10368745570,"Dec 9, 2023, 8:15:06 PM",Caminhada na praia de TambaÃÂº-JP,Walk,,4916,2.98,132.0,activities/11099414805.tcx.gz,2.779296875,0.6076342463493347,559.0,,,,,,2023,12,Sabado,81.93333333333334
273,908,10368745664,"Dec 11, 2023, 11:10:35 PM",Treino academia,Weight Training,,3547,0.0,154.0,activities/11099414878.tcx.gz,0.0,0.0,402.0,,,,,,2023,12,Segunda,59.11666666666667
274,909,10374697738,"Dec 12, 2023, 10:54:53 PM",Caminhada de Aquecimento,Walk,,2882,3.0,150.0,activities/11105586699.tcx.gz,2.714954376220703,1.0424045324325562,303.0,,,,,,2023,12,Terca,48.03333333333333
275,910,10374697772,"Dec 12, 2023, 11:34:39 PM",Corrida na UFPE,Run,,1532,2.02,188.0,activities/11105586769.tcx.gz,4.752035617828369,2.712543249130249,176.0,,,,,,2023,12,Terca,25.53333333333333
276,911,10388615486,"Dec 15, 2023, 10:41:37 PM",Treino academia,Weight Training,,4668,0.0,150.0,activities/11120084435.tcx.gz,0.0,0.0,577.0,,,,,,2023,12,Sexta,77.8
277,912,10410420015,"Dec 18, 2023, 10:37:04 PM",Afternoon Workout,Workout,,4286,0.0,128.0,activities/11142882280.tcx.gz,0.0,0.0,389.0,,,,,,2023,12,Segunda,71.43333333333334
278,913,10412409656,"Dec 20, 2023, 10:42:36 PM",Afternoon Workout,Workout,,4329,0.0,132.0,activities/11144923535.tcx.gz,0.0,0.0,440.0,,,,,,2023,12,Quarta,72.15
279,914,10419596976,"Dec 21, 2023, 11:00:31 PM",Caminhada de Aquecimento,Walk,,914,1.41,150.0,activities/11152064793.tcx.gz,2.4978790283203125,1.551083207130432,158.0,,,,,,2023,12,Quinta,15.233333333333333
280,915,10419597046,"Dec 21, 2023, 11:16:19 PM",Corrida na UFPE,Run,,803,2.01,188.0,activities/11152064862.tcx.gz,4.118152618408203,2.6340298652648926,172.0,,,,,,2023,12,Quinta,13.383333333333333
281,916,10419597140,"Dec 21, 2023, 11:29:51 PM",Caminhada de relaxamento,Walk,,1066,1.67,178.0,activities/11152064949.tcx.gz,3.0737414360046387,1.5698657035827637,191.0,,,,,,2023,12,Quinta,17.766666666666666
282,917,10442008028,"Dec 23, 2023, 9:57:19 PM",Caminhada na UFPE,Walk,,4254,5.22,177.0,activities/11175395647.tcx.gz,3.4248239994049072,1.2288105487823486,413.0,,,,,,2023,12,Sabado,70.9
283,918,10442008032,"Dec 25, 2023, 9:13:40 PM",Caminhada de Aquecimento,Walk,,1769,2.01,153.0,activities/11175395697.tcx.gz,3.2006173133850098,1.1375013589859009,192.0,,,,,,2023,12,Segunda,29.48333333333333
284,919,10442008101,"Dec 26, 2023, 10:48:48 PM",Bicicleta na academia,Ride,,660,0.0,115.0,activities/11175395812.tcx.gz,0.0,0.0,58.0,,,,,,2023,12,Terca,11.0
285,920,10442008104,"Dec 25, 2023, 9:34:49 PM",Corrida na UFPE,Run,,2407,5.01,185.0,activities/11175395756.tcx.gz,4.007808208465576,2.3413922786712646,473.0,,,,,,2023,12,Segunda,40.11666666666667
286,921,10442008115,"Dec 26, 2023, 9:46:30 PM",Treino academia,Weight Training,,3967,0.0,129.0,activities/11175395780.tcx.gz,0.0,0.0,337.0,,,,,,2023,12,Terca,66.11666666666666
287,922,10498660266,"Dec 27, 2023, 11:07:46 PM",Caminhada de Aquecimento,Walk,,1783,2.05,150.0,activities/11234255763.tcx.gz,3.7104380130767822,1.1516826152801514,200.0,,,,,,2023,12,Quarta,29.716666666666665
288,923,10498660346,"Dec 27, 2023, 11:30:08 PM",Corrida na UFPE,Run,,2597,4.01,186.0,activities/11234255836.tcx.gz,5.520463466644287,2.7060256004333496,314.0,,,,,,2023,12,Quarta,43.28333333333333
289,924,10498660396,"Dec 28, 2023, 10:46:21 PM",Treino academia,Weight Training,,4410,0.0,146.0,activities/11234255909.tcx.gz,0.0,0.0,362.0,,,,,,2023,12,Quinta,73.5
